date,close,rsi,deltas,up,down
2014-01-03,165.6367,34.4895665003864,165.6367,0.0,0.0
2014-01-06,165.1612,34.4895665003864,-0.4754999999999825,0.0,0.0
2014-01-07,166.1756,34.4895665003864,1.0143999999999949,0.0,0.0
2014-01-08,166.2118,34.4895665003864,0.036200000000008004,0.0,0.0
2014-01-09,166.3205,34.4895665003864,0.10869999999999891,0.0,0.0
2014-01-10,166.7734,34.4895665003864,0.45289999999999964,0.0,0.0
2014-01-13,164.5499,34.4895665003864,-2.2235000000000014,0.0,0.0
2014-01-14,166.3477,34.4895665003864,1.7977999999999952,0.0,0.0
2014-01-15,167.2443,34.4895665003864,0.8966000000000065,0.0,0.0
2014-01-16,167.0269,34.4895665003864,-0.21739999999999782,0.0,0.0
2014-01-17,166.316,34.4895665003864,-0.7109000000000094,0.0,0.0
2014-01-21,166.8096,34.4895665003864,0.4935999999999865,0.0,0.0
2014-01-22,166.9183,34.4895665003864,0.10869999999999891,0.0,0.0
2014-01-23,165.5507,34.4895665003864,-1.3675999999999817,0.0,0.0
2014-01-24,162.0185,27.215862517794648,-3.5322000000000173,0.0,0.0
2014-01-27,161.2215,25.889130906545077,-0.796999999999997,0.0,0.0
2014-01-28,162.1815,30.296821990454973,0.960000000000008,0.0,0.0
2014-01-29,160.6237,27.44443357182405,-1.557799999999986,0.0,0.0
2014-01-30,162.3264,34.68294559798676,1.702699999999993,0.0,0.0
2014-01-31,161.3755,32.71972286343521,-0.9509000000000185,0.0,0.0
2014-02-03,157.7436,26.540355047891808,-3.6319000000000017,0.0,0.0
2014-02-04,158.8441,30.804695802523156,1.100500000000011,0.0,0.0
2014-02-05,158.6493,30.467545054887324,-0.19479999999998654,0.0,0.0
2014-02-06,160.7415,38.28071095385536,2.092199999999991,0.0,0.0
2014-02-07,162.734,44.65850098112421,1.9925000000000068,0.0,0.0
2014-02-10,163.0329,45.5672044995893,0.2989000000000033,0.0,0.0
2014-02-11,164.8171,50.764224381043846,1.7841999999999985,0.0,0.0
2014-02-12,164.8986,50.994388863020106,0.08149999999997704,0.0,0.0
2014-02-13,165.7499,53.44263791817844,0.851300000000009,0.0,0.0
2014-02-14,166.6647,55.98722181805572,0.9148000000000138,0.0,0.0
2014-02-18,166.8639,56.54418206665931,0.1991999999999905,0.0,0.0
2014-02-19,165.759,52.570391700443366,-1.1049000000000149,0.0,0.0
2014-02-20,166.7371,55.54855095699137,0.978100000000012,0.0,0.0
2014-02-21,166.5469,54.82759372460169,-0.19020000000000437,0.0,0.0
2014-02-24,167.4707,57.69927792048676,0.9238,0.0,0.0
2014-02-25,167.4073,57.429445543389974,-0.06340000000000146,0.0,0.0
2014-02-26,167.4164,57.460196312351094,0.009100000000017872,0.0,0.0
2014-02-27,168.2949,60.431718130217966,0.8785000000000025,0.0,0.0
2014-02-28,168.7206,61.82336069742588,0.42569999999997776,0.0,0.0
2014-03-03,167.5341,55.920035280574155,-1.1864999999999952,0.0,0.0
2014-03-04,169.8889,63.39137522563486,2.3548000000000116,0.0,0.0
2014-03-05,170.0429,63.823230687382726,0.15399999999999636,0.0,0.0
2014-03-06,170.4323,64.94916556690382,0.38939999999999486,0.0,0.0
2014-03-07,170.5048,65.16653919808542,0.0724999999999909,0.0,0.0
2014-03-10,170.4142,64.62715476334802,-0.0905999999999949,0.0,0.0
2014-03-11,169.5719,59.681363583151835,-0.8422999999999945,0.0,0.0
2014-03-12,169.6172,59.85928243033286,0.04529999999999745,0.0,0.0
2014-03-13,167.7153,49.902622972168466,-1.9018999999999835,0.0,0.0
2014-03-14,167.2443,47.78293057973686,-0.47100000000000364,0.0,0.0
2014-03-17,168.7568,54.4709458397573,1.5124999999999886,0.0,0.0
2014-03-18,169.9614,58.97744809908967,1.2045999999999992,0.0,0.0
2014-03-19,169.0557,54.60141074023712,-0.905699999999996,0.0,0.0
2014-03-20,170.0402,58.22952144998974,0.984499999999997,0.0,0.0
2014-03-21,169.383,55.065879876537416,-0.6571999999999889,0.0,0.0
2014-03-24,168.6825,51.833307597779566,-0.7005000000000052,0.0,0.0
2014-03-25,169.4831,55.078998937306714,0.8006000000000029,0.0,0.0
2014-03-26,168.2641,49.59870863326382,-1.218999999999994,0.0,0.0
2014-03-27,167.9093,48.098627331578115,-0.35480000000001155,0.0,0.0
2014-03-28,168.7371,51.76418882104201,0.8277999999999963,0.0,0.0
2014-03-31,170.1198,57.20142500495681,1.3826999999999998,0.0,0.0
2014-04-01,171.2479,61.05823758075575,1.1280999999999892,0.0,0.0
2014-04-02,171.821,62.887945289344614,0.5731000000000108,0.0,0.0
2014-04-03,171.5935,61.64962712057843,-0.22749999999999204,0.0,0.0
2014-04-04,169.5649,51.846132620851,-2.0286000000000115,0.0,0.0
2014-04-07,167.691,44.76470450717454,-1.873899999999992,0.0,0.0
2014-04-08,168.3824,47.60809384938467,0.6913999999999874,0.0,0.0
2014-04-09,170.1926,54.24866306399956,1.810200000000009,0.0,0.0
2014-04-10,166.613,42.71820154220829,-3.5795999999999992,0.0,0.0
2014-04-11,165.1166,38.98757514005392,-1.4963999999999942,0.0,0.0
2014-04-14,166.4175,43.59901339138015,1.3008999999999844,0.0,0.0
2014-04-15,167.5636,47.3729161030888,1.1461000000000183,0.0,0.0
2014-04-16,169.3148,52.592641717297326,1.751199999999983,0.0,0.0
2014-04-17,169.5558,53.27941379329392,0.24100000000001387,0.0,0.0
2014-04-21,170.1471,55.00182672159981,0.5912999999999897,0.0,0.0
2014-04-22,170.9204,57.222910986216085,0.7733000000000061,0.0,0.0
2014-04-23,170.5201,55.69050592332359,-0.4002999999999872,0.0,0.0
2014-04-24,170.8658,56.767255985137275,0.3456999999999937,0.0,0.0
2014-04-25,169.4649,51.32431398676925,-1.4009000000000071,0.0,0.0
2014-04-28,169.997,53.161322771831756,0.532100000000014,0.0,0.0
2014-04-29,170.793,55.84589288700634,0.7959999999999923,0.0,0.0
2014-04-30,171.3024,57.523719824283276,0.5093999999999994,0.0,0.0
2014-05-01,171.3161,57.570417055242906,0.013700000000000045,0.0,0.0
2014-05-02,171.075,56.39538545094195,-0.2411000000000172,0.0,0.0
2014-05-05,171.4025,57.65955229423375,0.3275000000000148,0.0,0.0
2014-05-06,169.9106,50.47989840301279,-1.4919000000000153,0.0,0.0
2014-05-07,170.9113,54.56645688529296,1.0007000000000232,0.0,0.0
2014-05-08,170.7248,53.67740456527367,-0.18650000000002365,0.0,0.0
2014-05-09,170.984,54.78014072436633,0.2592000000000212,0.0,0.0
2014-05-12,172.6442,61.158195244554776,1.6602000000000032,0.0,0.0
2014-05-13,172.8034,61.715824634151645,0.15919999999999845,0.0,0.0
2014-05-14,171.9847,57.17030853303898,-0.8187000000000069,0.0,0.0
2014-05-15,170.4746,49.87365886526021,-1.5100999999999942,0.0,0.0
2014-05-16,171.0659,52.43365659866438,0.5912999999999897,0.0,0.0
2014-05-19,171.6936,55.05762458211754,0.6277000000000044,0.0,0.0
2014-05-20,170.6111,49.941075812818184,-1.0825000000000102,0.0,0.0
2014-05-21,172.0484,55.812736595153545,1.4372999999999934,0.0,0.0
2014-05-22,172.4668,57.37992980001579,0.41840000000001965,0.0,0.0
2014-05-23,173.1582,59.910281141518894,0.6913999999999874,0.0,0.0
2014-05-27,174.2225,63.50239733316935,1.064300000000003,0.0,0.0
2014-05-28,174.0952,62.777839995300475,-0.1272999999999911,0.0,0.0
2014-05-29,174.9957,65.75448054149206,0.9004999999999939,0.0,0.0
2014-05-30,175.2777,66.65381463166258,0.2820000000000107,0.0,0.0
2014-06-02,175.4733,67.29536539297058,0.19559999999998468,0.0,0.0
2014-06-03,175.3869,66.68506587831808,-0.08639999999999759,0.0,0.0
2014-06-04,175.7417,67.96968286299506,0.35480000000001155,0.0,0.0
2014-06-05,176.8879,71.75834840692778,1.1461999999999932,0.0,0.0
2014-06-06,177.7293,74.17336257079633,0.841399999999993,0.0,0.0
2014-06-09,177.9158,74.68999636454164,0.18649999999999523,0.0,0.0
2014-06-10,177.934,74.7430936518579,0.01820000000000732,0.0,0.0
2014-06-11,177.3154,69.41289385685853,-0.6185999999999865,0.0,0.0
2014-06-12,176.0601,60.05377378700729,-1.2553000000000054,0.0,0.0
2014-06-13,176.5968,62.388744556783614,0.5366999999999962,0.0,0.0
2014-06-16,176.7423,63.01983359066686,0.1454999999999984,0.0,0.0
2014-06-17,177.2336,65.1464459236248,0.4912999999999954,0.0,0.0
2014-06-18,178.5299,70.04174684476266,1.2963000000000022,0.0,0.0
2014-06-19,177.8794,65.10043062157476,-0.6504999999999939,0.0,0.0
2014-06-20,179.1012,69.4586704159332,1.2218000000000018,0.0,0.0
2014-06-23,179.0464,69.04221273512943,-0.05480000000000018,0.0,0.0
2014-06-24,177.9678,61.2570923932591,-1.0785999999999945,0.0,0.0
2014-06-25,178.7721,64.47400467674225,0.8042999999999836,0.0,0.0
2014-06-26,178.6442,63.57007039023923,-0.12789999999998258,0.0,0.0
2014-06-27,178.9915,65.00483031973735,0.34729999999998995,0.0,0.0
2014-06-30,178.9001,64.2872478236209,-0.09139999999999304,0.0,0.0
2014-07-01,180.0975,69.09970209052427,1.1973999999999876,0.0,0.0
2014-07-02,180.2803,69.76944939380115,0.1828000000000145,0.0,0.0
2014-07-03,181.167,72.84411232034721,0.8866999999999905,0.0,0.0
2014-07-07,180.5363,67.57915317795964,-0.6306999999999903,0.0,0.0
2014-07-08,179.3754,59.110372092181414,-1.160899999999998,0.0,0.0
2014-07-09,180.1798,62.607080884087594,0.8043999999999869,0.0,0.0
2014-07-10,179.4668,57.88217361148499,-0.7129999999999939,0.0,0.0
2014-07-11,179.7136,59.03463651936027,0.24680000000000746,0.0,0.0
2014-07-14,180.6185,63.02912233392179,0.9048999999999978,0.0,0.0
2014-07-15,180.2803,60.648862179663126,-0.3382000000000005,0.0,0.0
2014-07-16,180.9476,63.57200877110613,0.6672999999999831,0.0,0.0
2014-07-17,178.891,50.998323386760305,-2.056600000000003,0.0,0.0
2014-07-18,180.719,58.79874599646249,1.828000000000003,0.0,0.0
2014-07-21,180.3809,56.991686853114246,-0.3380999999999972,0.0,0.0
2014-07-22,181.167,60.064792936674905,0.7861000000000047,0.0,0.0
2014-07-23,181.5692,61.57751635738609,0.40219999999999345,0.0,0.0
2014-07-24,181.5783,61.612946457393974,0.009100000000017872,0.0,0.0
2014-07-25,180.7282,56.382435868318815,-0.8501000000000261,0.0,0.0
2014-07-28,180.8014,56.72312147372116,0.07320000000001414,0.0,0.0
2014-07-29,180.0244,52.07363595246076,-0.7769999999999868,0.0,0.0
2014-07-30,180.0518,52.22236085429896,0.02739999999997167,0.0,0.0
2014-07-31,176.4961,36.425419571584605,-3.555699999999973,0.0,0.0
2014-08-01,175.9568,34.71041116734277,-0.5393000000000256,0.0,0.0
2014-08-04,177.2274,41.67763739492988,1.2706000000000017,0.0,0.0
2014-08-05,175.5089,36.07103283990684,-1.7184999999999775,0.0,0.0
2014-08-06,175.5638,36.36554056037208,0.05489999999997508,0.0,0.0
2014-08-07,174.6132,33.48875099141104,-0.9505999999999801,0.0,0.0
2014-08-08,176.6332,43.68380626913082,2.019999999999982,0.0,0.0
2014-08-11,177.1405,45.92554407506088,0.507300000000015,0.0,0.0
2014-08-12,176.8983,45.00445633585006,-0.24219999999999686,0.0,0.0
2014-08-13,178.0957,50.31039288927884,1.1973999999999876,0.0,0.0
2014-08-14,178.9367,53.689887906349426,0.8410000000000082,0.0,0.0
2014-08-15,178.9001,53.51929287139371,-0.03659999999999286,0.0,0.0
2014-08-18,180.3992,59.23298695810471,1.4990999999999985,0.0,0.0
2014-08-19,181.3407,62.36225162136792,0.9414999999999907,0.0,0.0
2014-08-20,181.8251,63.89770524879746,0.4843999999999937,0.0,0.0
2014-08-21,182.3553,65.55412559454336,0.5302000000000078,0.0,0.0
2014-08-22,182.0719,63.86734189266122,-0.2834000000000003,0.0,0.0
2014-08-25,182.9951,66.85895987503892,0.9232000000000085,0.0,0.0
2014-08-26,183.1139,67.23490373811859,0.11879999999999313,0.0,0.0
2014-08-27,183.0408,66.73327211717033,-0.07310000000001082,0.0,0.0
2014-08-28,182.9403,66.00415920590223,-0.10049999999998249,0.0,0.0
2014-08-29,183.4613,67.95859015342232,0.5209999999999866,0.0,0.0
2014-09-02,183.3699,67.22839251007278,-0.09139999999999304,0.0,0.0
2014-09-03,183.2693,66.38294038511513,-0.10060000000001423,0.0,0.0
2014-09-04,183.0043,64.09627986558627,-0.26499999999998636,0.0,0.0
2014-09-05,183.8269,67.8037526989729,0.8225999999999942,0.0,0.0
2014-09-08,183.3516,63.71010343770539,-0.4753000000000043,0.0,0.0
2014-09-09,182.1907,54.979064500959474,-1.160899999999998,0.0,0.0
2014-09-10,182.8763,58.588499788136666,0.6855999999999938,0.0,0.0
2014-09-11,183.0865,59.656436670019175,0.2102000000000146,0.0,0.0
2014-09-12,182.0171,52.270979092261825,-1.0694000000000017,0.0,0.0
2014-09-15,181.8809,51.39822907575275,-0.13620000000000232,0.0,0.0
2014-09-16,183.251,58.84273064680824,1.3701000000000079,0.0,0.0
2014-09-17,183.4978,60.030387667085016,0.24680000000000746,0.0,0.0
2014-09-18,184.4759,64.41322998002863,0.9780999999999835,0.0,0.0
2014-09-19,184.3099,63.147641374423166,-0.16599999999999682,0.0,0.0
2014-09-22,182.8865,53.449950373611074,-1.4233999999999867,0.0,0.0
2014-09-23,181.8396,47.65341894639748,-1.0469000000000221,0.0,0.0
2014-09-24,183.263,54.826576054864056,1.423400000000015,0.0,0.0
2014-09-25,180.306,41.96218662024718,-2.9569999999999936,0.0,0.0
2014-09-26,181.7386,48.29230118364549,1.4325999999999794,0.0,0.0
2014-09-29,181.408,47.017842356543596,-0.330600000000004,0.0,0.0
2014-09-30,180.9304,45.16353390337919,-0.47759999999999536,0.0,0.0
2014-10-01,178.4785,37.078764213141056,-2.451899999999995,0.0,0.0
2014-10-02,178.506,37.21451851125228,0.02750000000000341,0.0,0.0
2014-10-03,180.4713,46.15538243909024,1.9653000000000134,0.0,0.0
2014-10-06,180.2601,45.40705217778695,-0.21120000000001937,0.0,0.0
2014-10-07,177.4775,36.91495671236889,-2.782600000000002,0.0,0.0
2014-10-08,180.5815,48.4881742705505,3.1040000000000134,0.0,0.0
2014-10-09,177.0,39.48682095568836,-3.5815000000000055,0.0,0.0
2014-10-10,174.9796,35.48486568574114,-2.020399999999995,0.0,0.0
2014-10-13,172.1052,30.715390168530917,-2.8744000000000085,0.0,0.0
2014-10-14,172.3716,31.632557321997467,0.2664000000000044,0.0,0.0
2014-10-15,171.2053,29.77426712367361,-1.1663000000000068,0.0,0.0
2014-10-16,171.0583,29.538728156149062,-0.14699999999999136,0.0,0.0
2014-10-17,173.0787,36.92436617444998,2.020399999999995,0.0,0.0
2014-10-20,174.7592,42.33827583850338,1.680499999999995,0.0,0.0
2014-10-21,178.2214,51.562492358210704,3.4621999999999957,0.0,0.0
2014-10-22,176.9541,48.50384109548562,-1.2672999999999774,0.0,0.0
2014-10-23,179.0111,53.34181420185938,2.056999999999988,0.0,0.0
2014-10-24,180.3886,56.30246733230427,1.3774999999999977,0.0,0.0
2014-10-27,180.1407,55.618479470606495,-0.24789999999998713,0.0,0.0
2014-10-28,182.2069,59.982179721795625,2.0661999999999807,0.0,0.0
2014-10-29,181.9314,59.147114825712606,-0.27549999999999386,0.0,0.0
2014-10-30,183.0977,61.58531108233325,1.1663000000000068,0.0,0.0
2014-10-31,185.1915,65.55930695835511,2.0937999999999874,0.0,0.0
2014-11-03,185.2925,65.74340330406486,0.10099999999999909,0.0,0.0
2014-11-04,184.6497,63.41992723943379,-0.642799999999994,0.0,0.0
2014-11-05,185.816,65.78284704643664,1.1663000000000068,0.0,0.0
2014-11-06,186.5598,67.23638640147345,0.7437999999999931,0.0,0.0
2014-11-07,186.7343,67.58429275969482,0.17449999999999477,0.0,0.0
2014-11-10,187.3221,68.7866400391918,0.5878000000000156,0.0,0.0
2014-11-11,187.5011,69.16176167767281,0.17900000000000205,0.0,0.0
2014-11-12,187.3037,68.18851787385053,-0.197400000000016,0.0,0.0
2014-11-13,187.5149,68.69607605116943,0.21120000000001937,0.0,0.0
2014-11-14,187.5608,68.81253836363219,0.04589999999998895,0.0,0.0
2014-11-17,187.6802,69.13423021976988,0.11940000000001305,0.0,0.0
2014-11-18,188.7638,71.9608904474358,1.08359999999999,0.0,0.0
2014-11-19,188.4608,70.02964818951031,-0.30299999999999727,0.0,0.0
2014-11-20,188.7914,70.9458544172829,0.330600000000004,0.0,0.0
2014-11-21,189.8016,73.6014985148916,1.0101999999999975,0.0,0.0
2014-11-24,190.3342,74.90390455584867,0.5326000000000022,0.0,0.0
2014-11-25,190.1964,73.88818257635458,-0.1377999999999986,0.0,0.0
2014-11-26,190.6832,75.16917785189136,0.48679999999998813,0.0,0.0
2014-11-28,190.2791,72.01103030253829,-0.4040999999999997,0.0,0.0
2014-12-01,188.9567,62.72384776125285,-1.3223999999999876,0.0,0.0
2014-12-02,190.1735,66.94786359398965,1.216799999999978,0.0,0.0
2014-12-03,190.9127,69.22905993095588,0.739200000000011,0.0,0.0
2014-12-04,190.7015,67.78945959297603,-0.21119999999999095,0.0,0.0
2014-12-05,191.0138,68.82190209782374,0.31229999999999336,0.0,0.0
2014-12-08,189.7373,60.312333996784815,-1.2764999999999986,0.0,0.0
2014-12-09,189.6087,59.51396336512953,-0.12860000000000582,0.0,0.0
2014-12-10,186.5691,44.51490438057587,-3.039600000000007,0.0,0.0
2014-12-11,187.5149,48.83584687901767,0.9458000000000197,0.0,0.0
2014-12-12,184.4844,38.492183892635424,-3.0305000000000177,0.0,0.0
2014-12-15,183.2171,35.14028614113596,-1.2673000000000059,0.0,0.0
2014-12-16,181.7478,31.694288726793744,-1.4692999999999756,0.0,0.0
2014-12-17,185.3109,45.620859962048826,3.5630999999999915,0.0,0.0
2014-12-18,189.8934,57.59540995870535,4.58250000000001,0.0,0.0
2014-12-19,190.7014,59.297345735557414,0.8079999999999927,0.0,0.0
2014-12-22,191.5786,61.12170134397364,0.8771999999999878,0.0,0.0
2014-12-23,191.8372,61.667173008218015,0.2586000000000013,0.0,0.0
2014-12-24,191.8556,61.70833943098841,0.01840000000001396,0.0,0.0
2014-12-26,192.4743,63.14169715561054,0.6186999999999898,0.0,0.0
2014-12-29,192.7329,63.752445350347955,0.2586000000000013,0.0,0.0
2014-12-30,191.6987,59.50579215928399,-1.0341999999999985,0.0,0.0
2014-12-31,189.7965,52.56960238408637,-1.9021999999999935,0.0,0.0
2015-01-02,189.6949,52.2194827181894,-0.10160000000001901,0.0,0.0
2015-01-05,186.2691,42.04996358658773,-3.425799999999981,0.0,0.0
2015-01-06,184.5146,37.97145702644546,-1.7545000000000073,0.0,0.0
2015-01-07,186.8139,45.44001465263154,2.299299999999988,0.0,0.0
2015-01-08,190.1289,54.03333044752851,3.3149999999999977,0.0,0.0
2015-01-09,188.6053,50.125653196754186,-1.5235999999999876,0.0,0.0
2015-01-12,187.1278,46.60569770174665,-1.477499999999992,0.0,0.0
2015-01-13,186.6015,45.383159555047285,-0.5263000000000204,0.0,0.0
2015-01-14,185.4749,42.79530091240819,-1.1265999999999963,0.0,0.0
2015-01-15,183.7758,39.16778970571761,-1.6990999999999872,0.0,0.0
2015-01-16,186.1859,46.14155454515081,2.4101,0.0,0.0
2015-01-20,186.5784,47.20308277686524,0.3924999999999841,0.0,0.0
2015-01-21,187.5249,49.77390918844533,0.9465000000000146,0.0,0.0
2015-01-22,190.3136,56.49539490991798,2.7887000000000057,0.0,0.0
2015-01-23,189.2701,53.60462512860753,-1.0434999999999945,0.0,0.0
2015-01-26,189.7133,54.66563631661198,0.44319999999999027,0.0,0.0
2015-01-27,187.2109,47.99209104270511,-2.5023999999999944,0.0,0.0
2015-01-28,184.8101,42.616745152563816,-2.400800000000004,0.0,0.0
2015-01-29,186.5186,47.1530319337874,1.7084999999999866,0.0,0.0
2015-01-30,184.1729,42.21835424249438,-2.3456999999999937,0.0,0.0
2015-02-02,186.4537,47.9249639165288,2.2807999999999993,0.0,0.0
2015-02-03,189.1501,53.74146642410931,2.6964000000000112,0.0,0.0
2015-02-04,188.4298,52.06837324318972,-0.7203000000000088,0.0,0.0
2015-02-05,190.332,55.96703858313971,1.9021999999999935,0.0,0.0
2015-02-06,189.8057,54.642733395520125,-0.526299999999992,0.0,0.0
2015-02-09,188.9562,52.48400780052545,-0.8495000000000061,0.0,0.0
2015-02-10,190.9692,56.83566934847013,2.0130000000000052,0.0,0.0
2015-02-11,191.08,57.068730404012655,0.11080000000001178,0.0,0.0
2015-02-12,192.9176,60.84472117734025,1.8375999999999806,0.0,0.0
2015-02-13,193.7117,62.38441344248497,0.7941000000000145,0.0,0.0
2015-02-17,194.0164,62.98585477872211,0.30469999999999686,0.0,0.0
2015-02-18,194.0349,63.02451134855856,0.01849999999998886,0.0,0.0
2015-02-19,193.8964,62.49826838355126,-0.1384999999999934,0.0,0.0
2015-02-20,195.0589,65.13008472746986,1.1624999999999943,0.0,0.0
2015-02-23,195.0312,65.01300653750896,-0.027699999999981628,0.0,0.0
2015-02-24,195.5862,66.31939442579434,0.5549999999999784,0.0,0.0
2015-02-25,195.42,65.53029744730765,-0.16620000000000346,0.0,0.0
2015-02-26,195.1891,64.38413470058583,-0.23089999999999122,0.0,0.0
2015-02-27,194.5243,61.07207188844994,-0.6647999999999854,0.0,0.0
2015-03-02,195.7524,64.68610952372433,1.2280999999999835,0.0,0.0
2015-03-03,194.949,60.71501463406729,-0.8033999999999821,0.0,0.0
2015-03-04,194.1273,56.86958030460257,-0.8217000000000212,0.0,0.0
2015-03-05,194.3396,57.61648916977705,0.21229999999999905,0.0,0.0
2015-03-06,191.6063,46.46087873065807,-2.7332999999999856,0.0,0.0
2015-03-09,192.4005,49.51931246170682,0.7941999999999894,0.0,0.0
2015-03-10,189.2794,39.878222909294244,-3.121099999999984,0.0,0.0
2015-03-11,188.8361,38.72498863645229,-0.443300000000022,0.0,0.0
2015-03-12,191.237,47.56867967875812,2.400900000000007,0.0,0.0
2015-03-13,190.0617,44.205242742880756,-1.175299999999993,0.0,0.0
2015-03-16,192.6036,52.09459139239777,2.5418999999999983,0.0,0.0
2015-03-17,192.0311,50.36717489981954,-0.5724999999999909,0.0,0.0
2015-03-18,194.3396,56.614424521777664,2.308499999999981,0.0,0.0
2015-03-19,193.4531,53.81323490582189,-0.8864999999999839,0.0,0.0
2015-03-20,195.1605,58.11202282180228,1.707400000000007,0.0,0.0
2015-03-23,194.7802,56.84296637598699,-0.3803000000000054,0.0,0.0
2015-03-24,193.6858,53.239788438518445,-1.0944000000000074,0.0,0.0
2015-03-25,190.8475,45.23185787627738,-2.838300000000004,0.0,0.0
2015-03-26,190.3931,44.08852098571596,-0.4543999999999926,0.0,0.0
2015-03-27,190.829,45.51140221936884,0.43590000000000373,0.0,0.0
2015-03-30,193.1571,52.468786871765914,2.3281000000000063,0.0,0.0
2015-03-31,191.469,47.71164607307789,-1.68810000000002,0.0,0.0
2015-04-01,190.7919,45.91350103046282,-0.6770999999999958,0.0,0.0
2015-04-02,191.4736,48.03684801664822,0.6817000000000064,0.0,0.0
2015-04-06,192.7675,51.896933848935944,1.2939000000000078,0.0,0.0
2015-04-07,192.2574,50.31022576183188,-0.5101000000000226,0.0,0.0
2015-04-08,192.902,52.2951219005153,0.644599999999997,0.0,0.0
2015-04-09,193.76,54.87877001214804,0.8580000000000041,0.0,0.0
2015-04-10,194.8173,57.90431608188813,1.057299999999998,0.0,0.0
2015-04-13,193.9362,54.61756491082228,-0.8810999999999751,0.0,0.0
2015-04-14,194.3072,55.75634605731916,0.3709999999999809,0.0,0.0
2015-04-15,195.1791,58.398390151356615,0.8719000000000108,0.0,0.0
2015-04-16,195.1234,58.15945359880742,-0.05570000000000164,0.0,0.0
2015-04-17,192.8788,49.38971437486259,-2.2445999999999913,0.0,0.0
2015-04-20,194.6411,55.112615333057796,1.762299999999982,0.0,0.0
2015-04-21,194.4092,54.24339496259213,-0.231899999999996,0.0,0.0
2015-04-22,195.3646,57.235851655706824,0.9553999999999974,0.0,0.0
2015-04-23,195.8562,58.73141555378552,0.49160000000000537,0.0,0.0
2015-04-24,196.3106,60.119750155934156,0.4543999999999926,0.0,0.0
2015-04-27,195.4944,56.44646792272729,-0.8161999999999807,0.0,0.0
2015-04-28,196.1159,58.524526155392465,0.6214999999999975,0.0,0.0
2015-04-29,195.3089,54.86403657507633,-0.8070000000000164,0.0,0.0
2015-04-30,193.3519,47.16062967585406,-1.9569999999999936,0.0,0.0
2015-05-01,195.4481,54.52585733200221,2.0962000000000103,0.0,0.0
2015-05-04,196.0046,56.26862235820094,0.5564999999999998,0.0,0.0
2015-05-05,193.76,48.23842991911796,-2.2446000000000197,0.0,0.0
2015-05-06,192.9623,45.74014195519697,-0.7976999999999919,0.0,0.0
2015-05-07,193.7321,48.511439034174515,0.7698000000000036,0.0,0.0
2015-05-08,196.2828,56.44871628137231,2.550700000000006,0.0,0.0
2015-05-11,195.3414,53.189690792307395,-0.9414000000000158,0.0,0.0
2015-05-12,194.7617,51.22832919118644,-0.5797000000000025,0.0,0.0
2015-05-13,194.7988,51.35196685260288,0.03710000000000946,0.0,0.0
2015-05-14,196.8301,57.67803434106267,2.0312999999999874,0.0,0.0
2015-05-15,197.0434,58.2913668192088,0.21330000000000382,0.0,0.0
2015-05-18,197.6556,60.079552790012585,0.6122000000000014,0.0,0.0
2015-05-19,197.5906,59.786467290358445,-0.06499999999999773,0.0,0.0
2015-05-20,197.4515,59.121785714571274,-0.1390999999999849,0.0,0.0
2015-05-21,198.0266,61.049847013546696,0.575099999999992,0.0,0.0
2015-05-22,197.5535,58.60118099833293,-0.4730999999999881,0.0,0.0
2015-05-26,195.4295,49.08284650482056,-2.1240000000000236,0.0,0.0
2015-05-27,197.2846,55.830793840357444,1.8551000000000215,0.0,0.0
2015-05-28,197.062,54.89074756846052,-0.2225999999999999,0.0,0.0
2015-05-29,195.8376,49.912592707389656,-1.2244000000000028,0.0,0.0
2015-06-01,196.2365,51.45720481907641,0.3988999999999976,0.0,0.0
2015-06-02,196.0417,50.635984396164936,-0.19480000000001496,0.0,0.0
2015-06-03,196.5611,52.79901320712922,0.5194000000000187,0.0,0.0
2015-06-04,194.9001,45.87607510187112,-1.6610000000000014,0.0,0.0
2015-06-05,194.5669,44.61238628943343,-0.33320000000000505,0.0,0.0
2015-06-08,193.3704,40.317605424769944,-1.1965000000000146,0.0,0.0
2015-06-09,193.3426,40.22072139652966,-0.027799999999984948,0.0,0.0
2015-06-10,195.6614,50.83351659208174,2.3187999999999818,0.0,0.0
2015-06-11,196.2921,53.263905391107535,0.6307000000000187,0.0,0.0
2015-06-12,194.7895,47.26892740466875,-1.502600000000001,0.0,0.0
2015-06-15,193.9547,44.2866299433546,-0.8348000000000013,0.0,0.0
2015-06-16,195.0121,48.70153276943791,1.0574000000000012,0.0,0.0
2015-06-17,195.3275,49.974908812428296,0.3153999999999826,0.0,0.0
2015-06-18,197.3588,57.32254814105424,2.031300000000016,0.0,0.0
2015-06-19,196.4827,53.66164516141426,-0.8761000000000081,0.0,0.0
2015-06-22,197.4893,57.05524615704521,1.0065999999999917,0.0,0.0
2015-06-23,197.6291,57.52054718323939,0.13980000000000814,0.0,0.0
2015-06-24,196.1938,51.36696511844961,-1.4352999999999838,0.0,0.0
2015-06-25,195.5973,49.01987567567973,-0.5965000000000202,0.0,0.0
2015-06-26,195.56,48.869503761252254,-0.037299999999987676,0.0,0.0
2015-06-29,191.459,35.84879320935774,-4.100999999999999,0.0,0.0
2015-06-30,191.8598,37.59869256696167,0.4008000000000038,0.0,0.0
2015-07-01,193.3977,43.91992676106278,1.5378999999999792,0.0,0.0
2015-07-02,193.2206,43.375018970636255,-0.17709999999999582,0.0,0.0
2015-07-06,192.6707,41.64720449975836,-0.5498999999999796,0.0,0.0
2015-07-07,193.8823,46.68634126270468,1.2115999999999758,0.0,0.0
2015-07-08,190.6295,37.35874848057684,-3.2527999999999793,0.0,0.0
2015-07-09,190.9744,38.75596606371395,0.34489999999999554,0.0,0.0
2015-07-10,193.379,47.541251451713826,2.404599999999988,0.0,0.0
2015-07-13,195.5134,53.86712183313196,2.1343999999999994,0.0,0.0
2015-07-14,196.3615,56.13081650487032,0.8481000000000165,0.0,0.0
2015-07-15,196.2963,55.90370814026113,-0.06520000000000437,0.0,0.0
2015-07-16,197.8715,60.10360142013399,1.5751999999999953,0.0,0.0
2015-07-17,198.0392,60.53455965174408,0.1676999999999964,0.0,0.0
2015-07-20,198.1417,60.813182652506306,0.10249999999999204,0.0,0.0
2015-07-21,197.3588,57.47546484533128,-0.7828999999999837,0.0,0.0
2015-07-22,197.0047,55.97895027250959,-0.3540999999999883,0.0,0.0
2015-07-23,195.8955,51.45905012330463,-1.1092000000000155,0.0,0.0
2015-07-24,193.8637,44.38882112834015,-2.031800000000004,0.0,0.0
2015-07-27,192.7359,41.0198190941142,-1.1278000000000077,0.0,0.0
2015-07-28,195.1033,49.6573221047412,2.3674000000000035,0.0,0.0
2015-07-29,196.4454,53.788990725392104,1.3421000000000163,0.0,0.0
2015-07-30,196.492,53.930371255118466,0.046599999999983766,0.0,0.0
2015-07-31,196.1938,52.81678837386112,-0.29819999999998004,0.0,0.0
2015-08-03,195.532,50.33283011389893,-0.6617999999999995,0.0,0.0
2015-08-04,195.1499,48.90281341943006,-0.3821000000000083,0.0,0.0
2015-08-05,195.793,51.40526197098374,0.643100000000004,0.0,0.0
2015-08-06,194.1899,45.43217928937796,-1.603100000000012,0.0,0.0
2015-08-07,193.8171,44.14749334545976,-0.3727999999999838,0.0,0.0
2015-08-10,196.259,53.435544280834826,2.4418999999999755,0.0,0.0
2015-08-11,194.4882,47.29354063435383,-1.77079999999998,0.0,0.0
2015-08-12,194.7212,48.13823235757688,0.2330000000000041,0.0,0.0
2015-08-13,194.4788,47.28913566357106,-0.2424000000000035,0.0,0.0
2015-08-14,195.1872,50.061396107685084,0.7083999999999833,0.0,0.0
2015-08-17,196.2777,54.06634260090625,1.09050000000002,0.0,0.0
2015-08-18,195.7091,51.736517180224496,-0.5686000000000035,0.0,0.0
2015-08-19,194.1619,45.93591544745451,-1.5472000000000037,0.0,0.0
2015-08-20,190.1076,34.89523009735298,-4.054300000000012,0.0,0.0
2015-08-21,184.1985,25.336816080498906,-5.909099999999995,0.0,0.0
2015-08-24,176.6676,18.414053974541247,-7.530900000000003,0.0,0.0
2015-08-25,174.5426,17.002381752838176,-2.125,0.0,0.0
2015-08-26,181.2439,34.14753285837183,6.701300000000003,0.0,0.0
2015-08-27,185.727,42.678483136432746,4.483100000000007,0.0,0.0
2015-08-28,185.7363,42.69506779629982,0.00929999999999609,0.0,0.0
2015-08-31,184.2357,40.651306906761334,-1.5005999999999915,0.0,0.0
2015-09-01,178.7367,34.192069777019796,-5.498999999999995,0.0,0.0
2015-09-02,182.1293,40.47601428706317,3.3925999999999874,0.0,0.0
2015-09-03,182.2598,40.710541977828896,0.13050000000001205,0.0,0.0
2015-09-04,179.501,37.35937466800485,-2.758800000000008,0.0,0.0
2015-09-08,184.0121,45.28992709892205,4.511099999999999,0.0,0.0
2015-09-09,181.5515,42.15491767796098,-2.4605999999999995,0.0,0.0
2015-09-10,182.5394,43.835860673469426,0.9878999999999962,0.0,0.0
2015-09-11,183.369,45.274063654531936,0.8295999999999992,0.0,0.0
2015-09-14,182.6886,44.272732679893686,-0.6803999999999917,0.0,0.0
2015-09-15,184.9721,48.39768342071657,2.2835000000000036,0.0,0.0
2015-09-16,186.5752,51.13242378009479,1.6030999999999835,0.0,0.0
2015-09-17,186.1557,50.38000241380448,-0.4194999999999993,0.0,0.0
2015-09-18,183.1141,45.18791644540702,-3.0415999999999883,0.0,0.0
2015-09-21,184.0603,47.01721259783501,0.9462000000000046,0.0,0.0
2015-09-22,181.6713,43.10557144848517,-2.38900000000001,0.0,0.0
2015-09-23,181.3808,42.6410088215156,-0.29050000000000864,0.0,0.0
2015-09-24,180.725,41.55228986986001,-0.6557999999999993,0.0,0.0
2015-09-25,180.6782,41.47091486036789,-0.046799999999990405,0.0,0.0
2015-09-28,176.1436,34.43428140830416,-4.534600000000012,0.0,0.0
2015-09-29,176.2467,34.70555151324079,0.10310000000001196,0.0,0.0
2015-09-30,179.5352,42.83038127627294,3.288499999999999,0.0,0.0
2015-10-01,180.0036,43.90115004101385,0.4684000000000026,0.0,0.0
2015-10-02,182.6925,49.722774058303656,2.6888999999999896,0.0,0.0
2015-10-05,185.9434,55.70737574104715,3.2509000000000015,0.0,0.0
2015-10-06,185.3064,54.3424051198606,-0.6370000000000005,0.0,0.0
2015-10-07,186.8241,57.04309532296576,1.5176999999999907,0.0,0.0
2015-10-08,188.5105,59.882668826999875,1.6864000000000203,0.0,0.0
2015-10-09,188.6229,60.072115436588035,0.11239999999997963,0.0,0.0
2015-10-12,188.8009,60.39111187159863,0.1780000000000257,0.0,0.0
2015-10-13,187.6111,57.106860005874864,-1.1898000000000195,0.0,0.0
2015-10-14,186.7117,54.68582109702311,-0.8993999999999858,0.0,0.0
2015-10-15,189.5786,60.44266967585492,2.866899999999987,0.0,0.0
2015-10-16,190.4405,62.00546065031372,0.8618999999999915,0.0,0.0
2015-10-19,190.5342,62.18038826734629,0.09370000000001255,0.0,0.0
2015-10-20,190.2719,61.329156986421275,-0.2623000000000104,0.0,0.0
2015-10-21,189.1101,57.56985636965998,-1.1617999999999995,0.0,0.0
2015-10-22,192.3049,64.08866965402552,3.194800000000015,0.0,0.0
2015-10-23,194.4129,67.62325768803333,2.108000000000004,0.0,0.0
2015-10-26,193.9351,66.03671061069754,-0.477800000000002,0.0,0.0
2015-10-27,193.5603,64.7533252811127,-0.37479999999999336,0.0,0.0
2015-10-28,195.762,68.61231931892304,2.201699999999988,0.0,0.0
2015-10-29,195.6496,68.20178962075369,-0.11240000000000805,0.0,0.0
2015-10-30,194.8064,65.0570422378266,-0.843199999999996,0.0,0.0
2015-11-02,197.1111,69.23289446920867,2.304699999999997,0.0,0.0
2015-11-03,197.6826,70.18440894173307,0.5715000000000146,0.0,0.0
2015-11-04,197.083,67.81476501880292,-0.5996000000000095,0.0,0.0
2015-11-05,196.8863,67.01540120317947,-0.19669999999999277,0.0,0.0
2015-11-06,196.7832,66.5724521607746,-0.10310000000001196,0.0,0.0
2015-11-09,194.9469,59.08206197467077,-1.8362999999999943,0.0,0.0
2015-11-10,195.3966,60.26126309409785,0.4497000000000071,0.0,0.0
2015-11-11,194.6284,57.227278744832226,-0.7682000000000073,0.0,0.0
2015-11-12,191.9114,48.018826020022445,-2.717000000000013,0.0,0.0
2015-11-13,189.7566,42.21690314045706,-2.1547999999999945,0.0,0.0
2015-11-16,192.6422,50.79151136265779,2.885600000000011,0.0,0.0
2015-11-17,192.5016,50.39907439854966,-0.14060000000000628,0.0,0.0
2015-11-18,195.5559,57.99218785833102,3.054300000000012,0.0,0.0
2015-11-19,195.3872,57.468887571508226,-0.16870000000000118,0.0,0.0
2015-11-20,196.1,59.146338250732654,0.7127999999999872,0.0,0.0
2015-11-23,195.8744,58.36177564964769,-0.2255999999999858,0.0,0.0
2015-11-24,196.1368,59.04230161727712,0.2623999999999853,0.0,0.0
2015-11-25,196.1086,58.930829816152055,-0.028199999999998226,0.0,0.0
2015-11-27,196.3335,59.58615512366524,0.224899999999991,0.0,0.0
2015-11-30,195.5184,56.092712800927025,-0.8150999999999726,0.0,0.0
2015-12-01,197.3828,61.63352018305031,1.8643999999999892,0.0,0.0
2015-12-02,195.3676,53.7395700472654,-2.015199999999993,0.0,0.0
2015-12-03,192.6328,45.266407555466415,-2.734800000000007,0.0,0.0
2015-12-04,196.3897,55.61876924089936,3.7569000000000017,0.0,0.0
2015-12-07,195.1999,52.24832703546348,-1.189799999999991,0.0,0.0
2015-12-08,193.8873,48.73929093980372,-1.3126000000000033,0.0,0.0
2015-12-09,192.3798,45.00120569871857,-1.5075000000000216,0.0,0.0
2015-12-10,192.8764,46.458001395617,0.4966000000000008,0.0,0.0
2015-12-11,189.1382,38.245642142707936,-3.7381999999999778,0.0,0.0
2015-12-14,190.0946,41.1136716218792,0.9564000000000021,0.0,0.0
2015-12-15,192.0902,46.67832822720989,1.995599999999996,0.0,0.0
2015-12-16,194.9001,53.36133707881546,2.809899999999999,0.0,0.0
2015-12-17,191.9301,46.69900635813166,-2.969999999999999,0.0,0.0
2015-12-18,188.5112,40.43975200355998,-3.418900000000008,0.0,0.0
2015-12-21,190.0655,44.10751695472301,1.5542999999999836,0.0,0.0
2015-12-22,191.7902,47.93862197961356,1.7247000000000128,0.0,0.0
2015-12-23,194.1652,52.74234095512632,2.375,0.0,0.0
2015-12-24,193.8448,52.04466821490608,-0.32040000000000646,0.0,0.0
2015-12-28,193.4018,51.03937306845719,-0.44299999999998363,0.0,0.0
2015-12-29,195.4658,55.3653130054093,2.063999999999993,0.0,0.0
2015-12-30,194.0804,52.04152221670385,-1.3854000000000042,0.0,0.0
2015-12-31,192.1389,47.71811544106346,-1.9414999999999907,0.0,0.0
2016-01-04,189.4522,42.46115859871455,-2.686700000000002,0.0,0.0
2016-01-05,189.7734,43.26586345525166,0.3212000000000046,0.0,0.0
2016-01-06,187.3795,38.89936624567031,-2.393900000000002,0.0,0.0
2016-01-07,182.884,32.30574176669373,-4.495500000000021,0.0,0.0
2016-01-08,180.8794,29.874041351602273,-2.004599999999982,0.0,0.0
2016-01-11,181.0556,30.37016346914409,0.17619999999999436,0.0,0.0
2016-01-12,182.5172,34.50918321180683,1.4616000000000042,0.0,0.0
2016-01-13,177.9644,28.77190994028436,-4.552799999999991,0.0,0.0
2016-01-14,180.886,36.11223689975608,2.9215999999999838,0.0,0.0
2016-01-15,177.0031,31.470431428867954,-3.8829000000000065,0.0,0.0
2016-01-19,177.2387,32.04122862037892,0.23560000000000514,0.0,0.0
2016-01-20,174.9673,29.49090686207677,-2.2714,0.0,0.0
2016-01-21,175.9475,32.00604520299879,0.9801999999999964,0.0,0.0
2016-01-22,179.5571,40.43267491115125,3.6096000000000004,0.0,0.0
2016-01-25,176.8428,36.74490212646531,-2.71429999999998,0.0,0.0
2016-01-26,179.2555,41.824205630102696,2.412700000000001,0.0,0.0
2016-01-27,177.3046,39.09082662635477,-1.9509000000000185,0.0,0.0
2016-01-28,178.2283,41.05508720506892,0.9236999999999966,0.0,0.0
2016-01-29,182.5737,49.33306944269563,4.345400000000012,0.0,0.0
2016-02-01,182.507,49.218810544464205,-0.06669999999999732,0.0,0.0
2016-02-02,179.2178,43.82801537255719,-3.289199999999994,0.0,0.0
2016-02-03,180.2922,45.9119470032923,1.0743999999999971,0.0,0.0
2016-02-04,180.575,46.47483219649632,0.2827999999999804,0.0,0.0
2016-02-05,177.135,40.89916731575269,-3.4399999999999977,0.0,0.0
2016-02-08,174.7506,37.537536940836375,-2.3843999999999994,0.0,0.0
2016-02-09,174.76,37.559325900753805,0.009399999999999409,0.0,0.0
2016-02-10,174.6092,37.33432519946944,-0.15080000000000382,0.0,0.0
2016-02-11,172.3379,34.02789742570987,-2.2712999999999965,0.0,0.0
2016-02-12,175.891,42.59301082724998,3.5531000000000006,0.0,0.0
2016-02-16,178.8597,48.597803715490095,2.9687000000000126,0.0,0.0
2016-02-17,181.7813,53.72753935321619,2.9215999999999838,0.0,0.0
2016-02-18,181.0368,52.295335327120874,-0.744499999999988,0.0,0.0
2016-02-19,180.952,52.12489632727578,-0.08480000000000132,0.0,0.0
2016-02-22,183.572,56.80863909693068,2.6200000000000045,0.0,0.0
2016-02-23,181.2535,51.963847501343515,-2.3185000000000002,0.0,0.0
2016-02-24,182.0829,53.49187496555009,0.8293999999999926,0.0,0.0
2016-02-25,184.2883,57.374622938208695,2.2053999999999974,0.0,0.0
2016-02-26,183.8634,56.3977099489811,-0.4248999999999796,0.0,0.0
2016-02-29,182.4222,53.095419260650694,-1.4412000000000091,0.0,0.0
2016-03-01,186.7104,60.50554270829109,4.288199999999989,0.0,0.0
2016-03-02,187.5492,61.77757034605185,0.8388000000000204,0.0,0.0
2016-03-03,188.2796,62.89815064019494,0.7303999999999746,0.0,0.0
2016-03-04,188.8969,63.86243207996403,0.6173000000000002,0.0,0.0
2016-03-07,189.0477,64.10784506145242,0.15080000000000382,0.0,0.0
2016-03-08,186.9837,58.27459115221183,-2.063999999999993,0.0,0.0
2016-03-09,187.9073,60.02734764008761,0.9235999999999933,0.0,0.0
2016-03-10,188.0581,60.32043024148498,0.15080000000000382,0.0,0.0
2016-03-11,191.0928,65.76103098575504,3.034700000000015,0.0,0.0
2016-03-14,190.8478,64.98632504978036,-0.24500000000000455,0.0,0.0
2016-03-15,190.5368,63.95634014011359,-0.31100000000000705,0.0,0.0
2016-03-16,191.6394,66.01300681177833,1.1025999999999954,0.0,0.0
2016-03-17,192.8548,68.16911090655779,1.2154000000000167,0.0,0.0
2016-03-18,193.6126,69.46960807704141,0.7577999999999747,0.0,0.0
2016-03-21,193.8873,69.94891047998962,0.27470000000002415,0.0,0.0
2016-03-22,193.7831,69.5031766222724,-0.10420000000002005,0.0,0.0
2016-03-23,192.5035,64.10120774366094,-1.2795999999999879,0.0,0.0
2016-03-24,192.419,63.74884748350888,-0.08449999999999136,0.0,0.0
2016-03-28,192.5327,64.03532156157823,0.11369999999999436,0.0,0.0
2016-03-29,194.3144,68.26717868820192,1.7817000000000007,0.0,0.0
2016-03-30,195.1662,70.0797998612063,0.8517999999999972,0.0,0.0
2016-03-31,194.6926,67.76216829092013,-0.4736000000000047,0.0,0.0
2016-04-01,196.0188,70.68573230733979,1.3262,0.0,0.0
2016-04-04,195.3841,67.52939227531783,-0.6347000000000094,0.0,0.0
2016-04-05,193.4319,58.82821204346658,-1.9521999999999764,0.0,0.0
2016-04-06,195.5452,64.20506790063695,2.113299999999981,0.0,0.0
2016-04-07,193.2053,55.55408431430557,-2.3399,0.0,0.0
2016-04-08,193.7255,56.94306753099573,0.5202000000000169,0.0,0.0
2016-04-11,193.2717,55.318948397383735,-0.4538000000000011,0.0,0.0
2016-04-12,195.0715,60.170954733019336,1.7997999999999763,0.0,0.0
2016-04-13,197.0427,64.69313856362966,1.9712000000000103,0.0,0.0
2016-04-14,197.0514,64.71218204592319,0.008700000000004593,0.0,0.0
2016-04-15,196.8335,63.78423484857179,-0.21790000000001442,0.0,0.0
2016-04-18,198.2158,67.01552906903453,1.382300000000015,0.0,0.0
2016-04-19,198.8418,68.39098448221009,0.6260000000000048,0.0,0.0
2016-04-20,199.0313,68.81492348398817,0.18949999999998113,0.0,0.0
2016-04-21,197.9608,63.623658670148686,-1.0704999999999814,0.0,0.0
2016-04-22,197.9608,63.623658670148686,0.0,0.0,0.0
2016-04-25,197.6198,61.89858229174171,-0.3410000000000082,0.0,0.0
2016-04-26,197.9127,62.83081095214203,0.29290000000000305,0.0,0.0
2016-04-27,198.3208,64.14705978346328,0.40809999999999036,0.0,0.0
2016-04-28,196.5185,54.90056920883124,-1.8023000000000025,0.0,0.0
2016-04-29,195.4607,50.31630073486508,-1.057799999999986,0.0,0.0
2016-05-02,197.0135,56.10999377826338,1.5527999999999906,0.0,0.0
2016-05-03,195.2981,49.27410664414183,-1.7153999999999883,0.0,0.0
2016-05-04,194.2094,45.48650149111598,-1.088700000000017,0.0,0.0
2016-05-05,194.1715,45.35579582893392,-0.03789999999997917,0.0,0.0
2016-05-06,194.882,48.3520229961116,0.7104999999999961,0.0,0.0
2016-05-09,195.0423,49.03105524087899,0.16030000000000655,0.0,0.0
2016-05-10,197.4682,58.02502774873373,2.4258999999999844,0.0,0.0
2016-05-11,195.6209,50.68976890177143,-1.84729999999999,0.0,0.0
2016-05-12,195.6778,50.895679788916624,0.05689999999998463,0.0,0.0
2016-05-13,193.9726,44.851136833146995,-1.7051999999999907,0.0,0.0
2016-05-16,195.8862,51.773143669862066,1.9136000000000024,0.0,0.0
2016-05-17,194.0586,45.85365626282119,-1.8275999999999897,0.0,0.0
2016-05-18,194.1147,46.05753725123673,0.056099999999986494,0.0,0.0
2016-05-19,193.4421,43.922181768617754,-0.6725999999999885,0.0,0.0
2016-05-20,194.6641,48.58608148482941,1.22199999999998,0.0,0.0
2016-05-23,194.3989,47.65968633635214,-0.265199999999993,0.0,0.0
2016-05-24,196.9188,56.204594833764006,2.519900000000007,0.0,0.0
2016-05-25,198.2545,59.938069993849204,1.3357000000000028,0.0,0.0
2016-05-26,198.3113,60.093863193857025,0.05679999999998131,0.0,0.0
2016-05-27,199.1639,62.45412682672439,0.8526000000000238,0.0,0.0
2016-05-31,198.785,60.734938767610764,-0.3789000000000158,0.0,0.0
2016-06-01,199.1923,61.94754396736425,0.4072999999999922,0.0,0.0
2016-06-02,199.7986,63.742559187460955,0.6063000000000045,0.0,0.0
2016-06-03,199.2018,60.70692385552375,-0.5968000000000018,0.0,0.0
2016-06-06,200.2154,63.85530390290167,1.0135999999999967,0.0,0.0
2016-06-07,200.528,64.79225387107097,0.3126000000000033,0.0,0.0
2016-06-08,201.1817,66.73422877964401,0.6537000000000148,0.0,0.0
2016-06-09,200.907,65.10901179670151,-0.2746999999999957,0.0,0.0
2016-06-10,199.0029,55.093388779648606,-1.9040999999999997,0.0,0.0
2016-06-13,197.4675,48.60107887338386,-1.5354000000000099,0.0,0.0
2016-06-14,197.0798,47.09202053730388,-0.38769999999999527,0.0,0.0
2016-06-15,196.8051,46.00212333331494,-0.2746999999999957,0.0,0.0
2016-06-16,197.391,48.727772300887935,0.585899999999981,0.0,0.0
2016-06-17,196.6578,45.624131233792596,-0.7331999999999823,0.0,0.0
2016-06-20,197.9243,51.38434374942775,1.2664999999999793,0.0,0.0
2016-06-21,198.4861,53.72603809115684,0.5618000000000052,0.0,0.0
2016-06-22,198.1623,52.166396929448446,-0.32380000000000564,0.0,0.0
2016-06-23,200.7429,61.70721048877226,2.580600000000004,0.0,0.0
2016-06-24,193.4297,38.35774903404249,-7.313199999999995,0.0,0.0
2016-06-27,190.0682,32.30654475633982,-3.3615000000000066,0.0,0.0
2016-06-28,193.496,42.30227314116322,3.427800000000019,0.0,0.0
2016-06-29,196.7911,49.95270852066121,3.295099999999991,0.0,0.0
2016-06-30,199.4717,55.16138877392371,2.6805999999999983,0.0,0.0
2016-07-01,199.8962,55.943356609700295,0.42449999999999477,0.0,0.0
2016-07-05,198.4575,52.59553109986361,-1.438699999999983,0.0,0.0
2016-07-06,199.6478,54.99516160197326,1.1902999999999793,0.0,0.0
2016-07-07,199.5202,54.67564170942986,-0.12760000000000105,0.0,0.0
2016-07-08,202.4951,60.44562234161994,2.9749000000000194,0.0,0.0
2016-07-11,203.2092,61.705842873727285,0.714100000000002,0.0,0.0
2016-07-12,204.6852,64.24178770574125,1.475999999999999,0.0,0.0
2016-07-13,204.6567,64.15344504904999,-0.028500000000008185,0.0,0.0
2016-07-14,205.7993,66.16247089089501,1.1425999999999874,0.0,0.0
2016-07-15,205.5232,65.21138790435,-0.27609999999998536,0.0,0.0
2016-07-18,206.0747,66.25486206254186,0.5515000000000043,0.0,0.0
2016-07-19,205.866,65.45475625814001,-0.20869999999999322,0.0,0.0
2016-07-20,206.7183,67.19695825150959,0.8522999999999854,0.0,0.0
2016-07-21,205.9374,64.0116121448392,-0.7809000000000026,0.0,0.0
2016-07-22,206.8659,66.07104959859075,0.9285000000000139,0.0,0.0
2016-07-25,206.304,63.69553864982294,-0.5619000000000085,0.0,0.0
2016-07-26,206.3993,63.93239318725052,0.09530000000000882,0.0,0.0
2016-07-27,206.1802,62.916103105521444,-0.2190999999999974,0.0,0.0
2016-07-28,206.4183,63.59339918027793,0.23809999999997444,0.0,0.0
2016-07-29,206.7516,64.56892359240595,0.33330000000000837,0.0,0.0
2016-08-01,206.5802,63.624766202499636,-0.17140000000000555,0.0,0.0
2016-08-02,205.2558,56.72281812844368,-1.3243999999999971,0.0,0.0
2016-08-03,205.8565,58.900551115860054,0.6007000000000176,0.0,0.0
2016-08-04,206.0752,59.69574384765251,0.21869999999998413,0.0,0.0
2016-08-05,207.761,65.27327695470515,1.6858000000000004,0.0,0.0
2016-08-08,207.6372,64.56663619211447,-0.12379999999998859,0.0,0.0
2016-08-09,207.761,64.97498034452119,0.12379999999998859,0.0,0.0
2016-08-10,207.2468,61.789850001576795,-0.5141999999999882,0.0,0.0
2016-08-11,208.2085,65.22352249968257,0.9616999999999791,0.0,0.0
2016-08-12,208.0276,64.05742928710924,-0.18089999999997985,0.0,0.0
2016-08-15,208.6275,66.21459321020086,0.599899999999991,0.0,0.0
2016-08-16,207.5515,59.335847497135894,-1.0759999999999934,0.0,0.0
2016-08-17,207.9419,60.922088268706,0.39039999999999964,0.0,0.0
2016-08-18,208.4085,62.79032894125456,0.4665999999999997,0.0,0.0
2016-08-19,208.1038,60.74790822720786,-0.30469999999999686,0.0,0.0
2016-08-22,208.0943,60.6816338663158,-0.009500000000002728,0.0,0.0
2016-08-23,208.5132,62.618257384328444,0.4189000000000078,0.0,0.0
2016-08-24,207.4467,55.167986623798704,-1.066500000000019,0.0,0.0
2016-08-25,207.3039,54.23747337742688,-0.14279999999999404,0.0,0.0
2016-08-26,206.9135,51.671496435280886,-0.39039999999999964,0.0,0.0
2016-08-29,207.9331,57.347036707134386,1.019599999999997,0.0,0.0
2016-08-30,207.5896,55.00347916838305,-0.3435000000000059,0.0,0.0
2016-08-31,206.9992,51.13543946953089,-0.5903999999999883,0.0,0.0
2016-09-01,207.0087,51.19491355708359,0.009500000000002728,0.0,0.0
2016-09-02,207.9419,56.762082120810085,0.9331999999999994,0.0,0.0
2016-09-06,208.5711,60.06938487483918,0.6291999999999973,0.0,0.0
2016-09-07,208.5513,59.91407495403438,-0.019800000000003593,0.0,0.0
2016-09-08,208.0752,56.15442287950381,-0.4761000000000024,0.0,0.0
2016-09-09,203.095,32.89866934373967,-4.980199999999996,0.0,0.0
2016-09-12,206.0088,46.78476292191458,2.913800000000009,0.0,0.0
2016-09-13,203.0474,38.14489026604863,-2.9613999999999976,0.0,0.0
2016-09-14,202.9712,37.950683172266224,-0.07620000000000005,0.0,0.0
2016-09-15,204.9995,45.85316805718233,2.0283000000000015,0.0,0.0
2016-09-16,204.207,43.52091102555573,-0.7925000000000182,0.0,0.0
2016-09-19,204.2453,43.67002926793806,0.03829999999999245,0.0,0.0
2016-09-20,204.2549,43.71014644401035,0.009600000000006048,0.0,0.0
2016-09-21,206.5518,52.437983443992735,2.2968999999999937,0.0,0.0
2016-09-22,207.8534,56.54940813911039,1.3016000000000076,0.0,0.0
2016-09-23,206.7145,52.290052579784245,-1.1389000000000067,0.0,0.0
2016-09-26,205.0397,46.71746224479562,-1.6747999999999763,0.0,0.0
2016-09-27,206.3125,50.991979710059034,1.2727999999999895,0.0,0.0
2016-09-28,207.3366,54.17727699141187,1.0241000000000042,0.0,0.0
2016-09-29,205.4608,48.02068954599271,-1.8757999999999981,0.0,0.0
2016-09-30,207.0112,52.79542069008922,1.5503999999999962,0.0,0.0
2016-10-03,206.5135,51.17044754456649,-0.4977000000000089,0.0,0.0
2016-10-04,205.4608,47.81799267540544,-1.0526999999999873,0.0,0.0
2016-10-05,206.37,50.81518267529017,0.9091999999999985,0.0,0.0
2016-10-06,206.5135,51.290717560966236,0.14349999999998886,0.0,0.0
2016-10-07,205.8053,48.78393396637294,-0.708200000000005,0.0,0.0
2016-10-10,206.8772,52.56295031973589,1.0718999999999994,0.0,0.0
2016-10-11,204.2644,44.03397223256953,-2.612799999999993,0.0,0.0
2016-10-12,204.5324,45.01943400302844,0.2680000000000007,0.0,0.0
2016-10-13,203.8625,42.98209748611034,-0.6698999999999842,0.0,0.0
2016-10-14,203.9678,43.41557118523316,0.10529999999999973,0.0,0.0
2016-10-17,203.2595,41.1494204610633,-0.7083000000000084,0.0,0.0
2016-10-18,204.5324,46.54901007976856,1.2728999999999928,0.0,0.0
2016-10-19,205.0779,48.72040946355719,0.5455000000000041,0.0,0.0
2016-10-20,204.6951,47.26921956413982,-0.38280000000000314,0.0,0.0
2016-10-21,204.7908,47.688720900622265,0.09569999999999368,0.0,0.0
2016-10-24,205.6617,51.47227637045307,0.870900000000006,0.0,0.0
2016-10-25,204.9727,48.48453101552774,-0.688999999999993,0.0,0.0
2016-10-26,204.5611,46.73914382377308,-0.41159999999999286,0.0,0.0
2016-10-27,204.0156,44.45505089373132,-0.5455000000000041,0.0,0.0
2016-10-28,203.4127,42.01142008933247,-0.6029000000000053,0.0,0.0
2016-10-31,203.4222,42.065460052811574,0.009500000000002728,0.0,0.0
2016-11-01,201.9484,36.39843746001922,-1.4738000000000113,0.0,0.0
2016-11-02,200.7329,32.50862233571053,-1.2154999999999916,0.0,0.0
2016-11-03,199.8141,29.906859325712077,-0.9188000000000045,0.0,0.0
2016-11-04,199.594,29.301869270822237,-0.22010000000000218,0.0,0.0
2016-11-07,203.9965,50.758884723023314,4.402500000000003,0.0,0.0
2016-11-08,204.9152,53.902963534790175,0.9187000000000012,0.0,0.0
2016-11-09,207.087,60.34846029982105,2.1717999999999904,0.0,0.0
2016-11-10,207.6046,61.722154291266094,0.5176000000000158,0.0,0.0
2016-11-11,207.126,59.6638740642798,-0.47860000000000014,0.0,0.0
2016-11-14,207.2887,60.15037890347852,0.16270000000000095,0.0,0.0
2016-11-15,208.9062,64.70774399011208,1.6175000000000068,0.0,0.0
2016-11-16,208.5138,62.830463020911935,-0.3924000000000092,0.0,0.0
2016-11-17,209.5857,65.75328208343831,1.0718999999999994,0.0,0.0
2016-11-18,209.1167,63.404002473076154,-0.4689999999999941,0.0,0.0
2016-11-21,210.6959,67.60150602734089,1.579199999999986,0.0,0.0
2016-11-22,211.1074,68.61178539523408,0.41150000000001796,0.0,0.0
2016-11-23,211.2222,68.90311876219263,0.11479999999997403,0.0,0.0
2016-11-25,212.007,70.89212397349691,0.7848000000000184,0.0,0.0
2016-11-28,211.0117,65.19672009197716,-0.9953000000000145,0.0,0.0
2016-11-29,211.4232,66.3986624028492,0.41150000000001796,0.0,0.0
2016-11-30,210.916,63.488273313613696,-0.5072000000000116,0.0,0.0
2016-12-01,210.1408,59.21608289915468,-0.7751999999999839,0.0,0.0
2016-12-02,210.246,59.6132584982659,0.10519999999999641,0.0,0.0
2016-12-05,211.5094,64.13101230144889,1.26339999999999,0.0,0.0
2016-12-06,212.1793,66.28461532943032,0.6699000000000126,0.0,0.0
2016-12-07,214.9548,73.40835026935648,2.775499999999994,0.0,0.0
2016-12-08,215.4811,74.50825730662736,0.526299999999992,0.0,0.0
2016-12-09,216.7827,77.03785789054179,1.3016000000000076,0.0,0.0
2016-12-12,216.5339,75.49568843954358,-0.248800000000017,0.0,0.0
2016-12-13,217.979,78.22257255135843,1.445100000000025,0.0,0.0
2016-12-14,216.1798,68.06654017753763,-1.7992000000000132,0.0,0.0
2016-12-15,217.0698,70.13234085655586,0.8899999999999864,0.0,0.0
2016-12-16,216.6452,67.87635878274995,-0.4245999999999981,0.0,0.0
2016-12-19,217.1169,69.06681259993445,0.47169999999999845,0.0,0.0
2016-12-20,217.9544,71.11365322710714,0.8375000000000057,0.0,0.0
2016-12-21,217.3479,67.62393419375326,-0.6064999999999827,0.0,0.0
2016-12-22,216.9725,65.48199316826957,-0.3754000000000133,0.0,0.0
2016-12-23,217.2902,66.45049581519362,0.3177000000000021,0.0,0.0
2016-12-27,217.8293,68.0867936021225,0.5390999999999906,0.0,0.0
2016-12-28,216.0291,57.92683087049076,-1.8001999999999896,0.0,0.0
2016-12-29,215.9809,57.678657408366696,-0.04820000000000846,0.0,0.0
2016-12-30,215.1915,53.62646978544471,-0.7894000000000005,0.0,0.0
2017-01-03,216.8377,59.94607114343021,1.6462000000000216,0.0,0.0
2017-01-04,218.1277,64.07730886601163,1.289999999999992,0.0,0.0
2017-01-05,217.9544,63.1352019887264,-0.17330000000001178,0.0,0.0
2017-01-06,218.7342,65.58701637821373,0.7797999999999945,0.0,0.0
2017-01-09,218.0122,61.508083345924874,-0.72199999999998,0.0,0.0
2017-01-10,218.0122,61.508083345924874,0.0,0.0,0.0
2017-01-11,218.6283,63.73981558317169,0.6160999999999888,0.0,0.0
2017-01-12,218.0796,60.382061242786804,-0.5486999999999966,0.0,0.0
2017-01-13,218.5802,62.33170237283154,0.5005999999999915,0.0,0.0
2017-01-17,217.81,57.632465336130174,-0.7701999999999884,0.0,0.0
2017-01-18,218.2914,59.67863142650015,0.4814000000000078,0.0,0.0
2017-01-19,217.4827,54.883347540419365,-0.808700000000016,0.0,0.0
2017-01-20,218.2818,58.437194288067595,0.7991000000000099,0.0,0.0
2017-01-23,217.7138,55.11400061509336,-0.568000000000012,0.0,0.0
2017-01-24,219.1097,60.985899277319334,1.3959000000000117,0.0,0.0
2017-01-25,221.0062,67.253674948595,1.8965000000000032,0.0,0.0
2017-01-26,220.7751,65.86506976709542,-0.23109999999999786,0.0,0.0
2017-01-27,220.4286,63.74004922645293,-0.34650000000002024,0.0,0.0
2017-01-30,219.0615,56.055662804769185,-1.3670999999999935,0.0,0.0
2017-01-31,219.0423,55.953636830679855,-0.019199999999983675,0.0,0.0
2017-02-01,219.1289,56.339630349776684,0.08659999999997581,0.0,0.0
2017-02-02,219.2733,57.016040874900675,0.14440000000001874,0.0,0.0
2017-02-03,220.7848,63.4067565364571,1.5114999999999839,0.0,0.0
2017-02-06,220.3901,60.862074690472106,-0.3947000000000003,0.0,0.0
2017-02-07,220.3997,60.9031734062363,0.009600000000006048,0.0,0.0
2017-02-08,220.6885,62.18950648101528,0.28880000000000905,0.0,0.0
2017-02-09,221.9978,67.42256382150882,1.3093000000000075,0.0,0.0
2017-02-10,222.8738,70.37667336952178,0.8759999999999764,0.0,0.0
2017-02-13,224.0868,73.90528334292675,1.2130000000000223,0.0,0.0
2017-02-14,224.9821,76.16226146367833,0.8952999999999918,0.0,0.0
2017-02-15,226.1566,78.75788465705469,1.1744999999999948,0.0,0.0
2017-02-16,225.9641,77.27275159115054,-0.19249999999999545,0.0,0.0
2017-02-17,226.3203,78.09583873345369,0.3562000000000012,0.0,0.0
2017-02-21,227.6681,80.91266733407144,1.3478000000000065,0.0,0.0
2017-02-22,227.4659,79.26579476993167,-0.20220000000000482,0.0,0.0
2017-02-23,227.6199,79.6062537089842,0.15399999999999636,0.0,0.0
2017-02-24,227.9087,80.26084038168489,0.28880000000000905,0.0,0.0
2017-02-27,228.2649,81.06797972517434,0.3562000000000012,0.0,0.0
2017-02-28,227.6488,75.33035855974721,-0.6161000000000172,0.0,0.0
2017-03-01,230.8353,82.30567502947903,3.1864999999999952,0.0,0.0
2017-03-02,229.3817,72.26739809857973,-1.4535999999999945,0.0,0.0
2017-03-03,229.5261,72.62458625118276,0.14440000000001874,0.0,0.0
2017-03-06,228.8425,68.14962341789516,-0.6836000000000126,0.0,0.0
2017-03-07,228.159,63.909373358361066,-0.6835000000000093,0.0,0.0
2017-03-08,227.7354,61.36122817866151,-0.4235999999999933,0.0,0.0
2017-03-09,228.0243,62.4605473915531,0.28890000000001237,0.0,0.0
2017-03-10,228.8233,65.39310816602801,0.7989999999999782,0.0,0.0
2017-03-13,228.9388,65.80891522109361,0.11549999999999727,0.0,0.0
2017-03-14,228.0628,59.92774191559724,-0.8759999999999764,0.0,0.0
2017-03-15,230.0363,67.0680155425371,1.9735000000000014,0.0,0.0
2017-03-16,229.5838,64.24149083361496,-0.4525000000000148,0.0,0.0
2017-03-17,229.1807,61.74506603844979,-0.4030999999999949,0.0,0.0
2017-03-20,228.9293,60.17451295803398,-0.25139999999998963,0.0,0.0
2017-03-21,225.99,45.57749515399231,-2.939300000000003,0.0,0.0
2017-03-22,226.5218,48.03368848575318,0.531800000000004,0.0,0.0
2017-03-23,226.2801,46.995553584777994,-0.24170000000000869,0.0,0.0
2017-03-24,226.1157,46.26314595012921,-0.16440000000000055,0.0,0.0
2017-03-27,225.8836,45.19232035328865,-0.23210000000000264,0.0,0.0
2017-03-28,227.5273,53.41577907457852,1.6436999999999955,0.0,0.0
2017-03-29,227.7401,54.370319402308674,0.21280000000001564,0.0,0.0
2017-03-30,228.4652,57.56132950706655,0.7250999999999976,0.0,0.0
2017-03-31,227.9334,54.54834143658754,-0.531800000000004,0.0,0.0
2017-04-03,227.537,52.348745685560715,-0.39639999999999986,0.0,0.0
2017-04-04,227.682,53.09383829905363,0.1449999999999818,0.0,0.0
2017-04-05,227.0052,49.2248505175417,-0.6767999999999859,0.0,0.0
2017-04-06,227.6434,52.723344371965645,0.6382000000000119,0.0,0.0
2017-04-07,227.4113,51.33795611194132,-0.23210000000000264,0.0,0.0
2017-04-10,227.5467,52.128227516004614,0.13539999999997576,0.0,0.0
2017-04-11,227.276,50.36711434226091,-0.2706999999999766,0.0,0.0
2017-04-12,226.2801,44.42122287359196,-0.995900000000006,0.0,0.0
2017-04-13,224.8104,37.403723384754336,-1.4697000000000173,0.0,0.0
2017-04-17,226.8022,49.13208907794795,1.991800000000012,0.0,0.0
2017-04-18,226.1254,45.9796006695631,-0.6767999999999859,0.0,0.0
2017-04-19,225.7096,44.10716779318409,-0.4158000000000186,0.0,0.0
2017-04-20,227.5467,53.179345325758455,1.8370999999999924,0.0,0.0
2017-04-21,226.8215,49.74669667988586,-0.725200000000001,0.0,0.0
2017-04-24,229.3161,59.44432989000819,2.4946000000000197,0.0,0.0
2017-04-25,230.6504,63.50141752173494,1.3342999999999847,0.0,0.0
2017-04-26,230.5054,62.76658142480185,-0.1449999999999818,0.0,0.0
2017-04-27,230.6987,63.3750423977085,0.1932999999999936,0.0,0.0
2017-04-28,230.196,60.6014383556869,-0.5027000000000044,0.0,0.0
2017-05-01,230.7761,62.63372369026736,0.5801000000000158,0.0,0.0
2017-05-02,230.8631,62.942455956047866,0.08699999999998909,0.0,0.0
2017-05-03,230.5827,61.18772732630656,-0.2804000000000144,0.0,0.0
2017-05-04,230.8534,62.28098259213625,0.27070000000000505,0.0,0.0
2017-05-05,231.7623,65.76758607669919,0.9089000000000169,0.0,0.0
2017-05-08,231.7236,65.49000060732791,-0.03870000000000573,0.0,0.0
2017-05-09,231.5109,63.8938097489118,-0.21270000000001232,0.0,0.0
2017-05-10,231.9267,65.65603699200861,0.4158000000000186,0.0,0.0
2017-05-11,231.4529,61.945915145759976,-0.4738000000000113,0.0,0.0
2017-05-12,231.0661,59.01404337721612,-0.3867999999999938,0.0,0.0
2017-05-15,232.3424,64.91479464466144,1.276299999999992,0.0,0.0
2017-05-16,232.1297,63.27972513368413,-0.2126999999999839,0.0,0.0
2017-05-17,228.0108,41.48728080298483,-4.118900000000025,0.0,0.0
2017-05-18,228.9293,45.95683998537505,0.918500000000023,0.0,0.0
2017-05-19,230.4183,52.315839253442725,1.488999999999976,0.0,0.0
2017-05-22,231.5883,56.6337689458597,1.170000000000016,0.0,0.0
2017-05-23,232.1007,58.40999540158111,0.5123999999999853,0.0,0.0
2017-05-24,232.6422,60.26234482710083,0.5415000000000134,0.0,0.0
2017-05-25,233.7541,63.8251542122331,1.1118999999999915,0.0,0.0
2017-05-26,233.7057,63.55802274856717,-0.048399999999986676,0.0,0.0
2017-05-30,233.5027,62.378774156269145,-0.20300000000000296,0.0,0.0
2017-05-31,233.4447,62.02468210765386,-0.057999999999992724,0.0,0.0
2017-06-01,235.3011,68.23909921294285,1.8563999999999794,0.0,0.0
2017-06-02,236.0843,70.43711872284773,0.7832000000000221,0.0,0.0
2017-06-05,235.9102,69.28918982013073,-0.1741000000000099,0.0,0.0
2017-06-06,235.1561,64.39395676369162,-0.754099999999994,0.0,0.0
2017-06-07,235.5912,65.89128849843455,0.43509999999997717,0.0,0.0
2017-06-08,235.7072,66.29820095821782,0.11600000000001387,0.0,0.0
2017-06-09,235.3494,63.771077495165315,-0.35779999999999745,0.0,0.0
2017-06-12,235.3011,63.41964654123305,-0.04830000000001178,0.0,0.0
2017-06-13,236.4517,67.95067752176702,1.1505999999999972,0.0,0.0
2017-06-14,236.152,65.66898817097692,-0.2997000000000014,0.0,0.0
2017-06-15,235.6975,62.25494949130241,-0.4544999999999959,0.0,0.0
2017-06-16,235.749,62.49289618133381,0.05150000000000432,0.0,0.0
2017-06-19,237.7117,70.20248309329905,1.9627000000000123,0.0,0.0
2017-06-20,236.1085,59.45253388434391,-1.6032000000000153,0.0,0.0
2017-06-21,236.0502,59.098134268008664,-0.05830000000000268,0.0,0.0
2017-06-22,235.9434,58.411213754351266,-0.10679999999999268,0.0,0.0
2017-06-23,236.2251,59.74044921311705,0.2817000000000007,0.0,0.0
2017-06-26,236.3806,60.49111848223927,0.1554999999999893,0.0,0.0
2017-06-27,234.4762,48.55140340621841,-1.9043999999999812,0.0,0.0
2017-06-28,236.5749,58.31589621720942,2.098700000000008,0.0,0.0
2017-06-29,234.4957,48.49589158133153,-2.0792000000000144,0.0,0.0
2017-06-30,234.9329,50.38772314540408,0.43719999999999004,0.0,0.0
2017-07-03,235.3312,52.113438194760626,0.3983000000000061,0.0,0.0
2017-07-05,235.8753,54.44460243200617,0.5441000000000145,0.0,0.0
2017-07-06,233.7184,45.076611793383485,-2.1569000000000074,0.0,0.0
2017-07-07,235.2341,51.40445871751081,1.5157000000000096,0.0,0.0
2017-07-10,235.4867,52.388948461477725,0.25260000000000105,0.0,0.0
2017-07-11,235.3118,51.60932641851407,-0.17490000000000805,0.0,0.0
2017-07-12,237.0801,58.3567752793352,1.7682999999999822,0.0,0.0
2017-07-13,237.4785,59.71953860394276,0.3984000000000094,0.0,0.0
2017-07-14,238.5861,63.31393158016832,1.1075999999999908,0.0,0.0
2017-07-17,238.557,63.15447956719993,-0.02909999999999968,0.0,0.0
2017-07-18,238.6833,63.583154503735805,0.12630000000001473,0.0,0.0
2017-07-19,239.9755,67.72100226316786,1.2922000000000082,0.0,0.0
2017-07-20,240.0824,68.04448466710538,0.106899999999996,0.0,0.0
2017-07-21,239.8686,66.6067992619107,-0.21380000000002042,0.0,0.0
2017-07-24,239.8103,66.1960765476008,-0.05829999999997426,0.0,0.0
2017-07-25,240.3933,68.30110951477909,0.5829999999999984,0.0,0.0
2017-07-26,240.403,68.33643917074151,0.009699999999980946,0.0,0.0
2017-07-27,240.1795,66.49740202372524,-0.22350000000000136,0.0,0.0
2017-07-28,239.8978,64.15395263447553,-0.2817000000000007,0.0,0.0
2017-07-31,239.7617,62.99880061078806,-0.136099999999999,0.0,0.0
2017-08-01,240.2961,65.61671868946235,0.5344000000000051,0.0,0.0
2017-08-02,240.4127,66.17898704926706,0.11660000000000537,0.0,0.0
2017-08-03,239.9463,61.82389477777561,-0.46639999999999304,0.0,0.0
2017-08-04,240.3836,64.20256776161455,0.43729999999999336,0.0,0.0
2017-08-07,240.8305,66.49980583710982,0.4468999999999994,0.0,0.0
2017-08-08,240.2378,60.916418611610496,-0.5927000000000078,0.0,0.0
2017-08-09,240.2281,60.82640855468388,-0.009699999999980946,0.0,0.0
2017-08-10,236.8372,39.08477339448668,-3.3909000000000162,0.0,0.0
2017-08-11,237.187,41.411276162968,0.3498000000000161,0.0,0.0
2017-08-14,239.5383,54.10103856011986,2.3512999999999806,0.0,0.0
2017-08-15,239.5091,53.944778367214845,-0.029200000000003,0.0,0.0
2017-08-16,239.9269,55.90714971947759,0.4177999999999997,0.0,0.0
2017-08-17,236.1863,39.627195658739545,-3.7406000000000006,0.0,0.0
2017-08-18,235.817,38.43716036768046,-0.3692999999999813,0.0,0.0
2017-08-21,236.0017,39.417076704540754,0.18469999999999231,0.0,0.0
2017-08-22,238.4695,50.70683842975778,2.467800000000011,0.0,0.0
2017-08-23,237.6145,47.41037132970482,-0.8550000000000182,0.0,0.0
2017-08-24,237.0607,45.35369292543299,-0.5537999999999954,0.0,0.0
2017-08-25,237.6145,47.79267793667141,0.5537999999999954,0.0,0.0
2017-08-28,237.6242,47.83659342587189,0.009700000000009368,0.0,0.0
2017-08-29,237.8963,49.12928709764854,0.2720999999999947,0.0,0.0
2017-08-30,239.0233,54.19271139070473,1.1270000000000095,0.0,0.0
2017-08-31,240.4613,59.70405507999416,1.4379999999999882,0.0,0.0
2017-09-01,240.8014,60.90219547017719,0.34010000000000673,0.0,0.0
2017-09-05,239.0719,52.37393954027642,-1.7295000000000016,0.0,0.0
2017-09-06,239.8881,55.538219044825276,0.8162000000000091,0.0,0.0
2017-09-07,239.8589,55.39641690036307,-0.029200000000003,0.0,0.0
2017-09-08,239.5771,53.96442287110711,-0.28180000000000405,0.0,0.0
2017-09-11,242.1324,63.243064785681305,2.5552999999999884,0.0,0.0
2017-09-12,242.9486,65.626246508226,0.8162000000000091,0.0,0.0
2017-09-13,243.0652,65.96573177190567,0.11660000000000537,0.0,0.0
2017-09-14,242.9875,65.5014814182999,-0.077699999999993,0.0,0.0
2017-09-15,243.3143,66.56722326592096,0.32679999999999154,0.0,0.0
2017-09-18,243.8318,68.24039183737275,0.5174999999999841,0.0,0.0
2017-09-19,244.0759,69.02776729264023,0.2441000000000031,0.0,0.0
2017-09-20,244.1637,69.3223721690334,0.08780000000001564,0.0,0.0
2017-09-21,243.5095,64.40652899516482,-0.654200000000003,0.0,0.0
2017-09-22,243.5584,64.60855436443211,0.048900000000003274,0.0,0.0
2017-09-25,243.0604,60.82235099387743,-0.49800000000001887,0.0,0.0
2017-09-26,243.2069,61.53644647404352,0.14650000000000318,0.0,0.0
2017-09-27,244.154,65.86781290220243,0.947100000000006,0.0,0.0
2017-09-28,244.4469,67.1016500883906,0.29290000000000305,0.0,0.0
2017-09-29,245.3062,70.47383167284933,0.8592999999999904,0.0,0.0
2017-10-02,246.3705,74.02518033044184,1.064300000000003,0.0,0.0
2017-10-03,246.8977,75.59130660385259,0.5271999999999935,0.0,0.0
2017-10-04,247.1906,76.44118413088393,0.29290000000000305,0.0,0.0
2017-10-05,248.6553,80.1611741288799,1.4647000000000219,0.0,0.0
2017-10-06,248.3721,77.60945881378217,-0.2832000000000221,0.0,0.0
2017-10-09,247.962,73.9389792946124,-0.4100999999999999,0.0,0.0
2017-10-10,248.6162,75.89728116443908,0.654200000000003,0.0,0.0
2017-10-11,249.0068,77.00816399115278,0.3906000000000063,0.0,0.0
2017-10-12,248.6358,73.54112411740154,-0.3710000000000093,0.0,0.0
2017-10-13,248.9384,74.5476604878145,0.3026000000000124,0.0,0.0
2017-10-16,249.2704,75.6424859483252,0.33199999999999363,0.0,0.0
2017-10-17,249.4462,76.22565073202607,0.1758000000000095,0.0,0.0
2017-10-18,249.6903,77.04737165381142,0.2441000000000031,0.0,0.0
2017-10-19,249.7586,77.28395600492331,0.06829999999999359,0.0,0.0
2017-10-20,251.0475,81.21829523331549,1.2889000000000124,0.0,0.0
2017-10-23,250.0711,71.16316727787492,-0.9764000000000124,0.0,0.0
2017-10-24,250.5105,72.79543886714465,0.43940000000000623,0.0,0.0
2017-10-25,249.2704,62.11009726061447,-1.2401000000000124,0.0,0.0
2017-10-26,249.5926,63.604889374820516,0.32220000000000937,0.0,0.0
2017-10-27,251.6334,71.32215450766199,2.04079999999999,0.0,0.0
2017-10-30,250.696,64.55142592866407,-0.9373999999999967,0.0,0.0
2017-10-31,251.0866,65.99981168766864,0.3906000000000063,0.0,0.0
2017-11-01,251.4185,67.22523124915409,0.3318999999999903,0.0,0.0
2017-11-02,251.5162,67.59546944012928,0.09770000000000323,0.0,0.0
2017-11-03,252.3559,70.66288908595475,0.8396999999999935,0.0,0.0
2017-11-06,252.7465,71.99106857710586,0.3906000000000063,0.0,0.0
2017-11-07,252.5707,70.4452362953082,-0.1758000000000095,0.0,0.0
2017-11-08,253.0003,72.02600500490743,0.42960000000002196,0.0,0.0
2017-11-09,252.0825,64.13383367889432,-0.9177999999999997,0.0,0.0
2017-11-10,252.0044,63.49624167512028,-0.07810000000000628,0.0,0.0
2017-11-13,252.2387,64.63221836360242,0.2342999999999904,0.0,0.0
2017-11-14,251.6529,59.63535568274037,-0.5858000000000061,0.0,0.0
2017-11-15,250.3933,50.58018335637005,-1.2595999999999776,0.0,0.0
2017-11-16,252.5219,61.27996155141748,2.1285999999999774,0.0,0.0
2017-11-17,251.7798,56.67311461109428,-0.7420999999999935,0.0,0.0
2017-11-20,252.2094,58.61282805140126,0.42959999999999354,0.0,0.0
2017-11-21,253.8596,65.07996136650831,1.6502000000000123,0.0,0.0
2017-11-22,253.635,63.62277033201971,-0.22460000000000946,0.0,0.0
2017-11-24,254.2209,65.77557111719477,0.5859000000000094,0.0,0.0
2017-11-27,254.0939,64.87928802702208,-0.12700000000000955,0.0,0.0
2017-11-28,256.6717,72.93950157936598,2.5777999999999963,0.0,0.0
2017-11-29,256.5155,71.86326762088531,-0.15620000000001255,0.0,0.0
2017-11-30,258.7612,77.09582447640783,2.2456999999999994,0.0,0.0
2017-12-01,258.2242,73.5724194900705,-0.5369999999999777,0.0,0.0
2017-12-04,257.9117,71.52388526301243,-0.3125,0.0,0.0
2017-12-05,256.9841,65.67808380403761,-0.927599999999984,0.0,0.0
2017-12-06,257.033,65.83660479950301,0.048900000000003274,0.0,0.0
2017-12-07,257.8434,68.43826952012503,0.8103999999999587,0.0,0.0
2017-12-08,259.2494,72.36966730719355,1.406000000000006,0.0,0.0
2017-12-11,260.0306,74.2861910018029,0.7812000000000126,0.0,0.0
2017-12-12,260.4895,75.36708807100534,0.4589000000000283,0.0,0.0
2017-12-13,260.4602,75.14987775365395,-0.029300000000034743,0.0,0.0
2017-12-14,259.3959,67.53585387482718,-1.064300000000003,0.0,0.0
2017-12-15,261.5427,73.39198332117635,2.1468000000000416,0.0,0.0
2017-12-18,263.2012,76.86415104966268,1.6584999999999468,0.0,0.0
2017-12-19,262.1904,70.80018160085132,-1.0107999999999606,0.0,0.0
2017-12-20,262.053,69.99185502691856,-0.13740000000001373,0.0,0.0
2017-12-21,262.5928,71.37457810684812,0.5398000000000138,0.0,0.0
2017-12-22,262.5241,70.92664412096707,-0.06870000000003529,0.0,0.0
2017-12-26,262.2101,68.8013216410935,-0.31399999999996453,0.0,0.0
2017-12-27,262.3376,69.2048398260736,0.12749999999999773,0.0,0.0
2017-12-28,262.8774,70.91971663623865,0.5398000000000138,0.0,0.0
2017-12-29,261.8862,63.88476876147295,-0.9912000000000489,0.0,0.0
2018-01-02,263.7606,69.95437828889379,1.874400000000037,0.0,0.0
2018-01-03,265.4289,74.1229036932929,1.668299999999988,0.0,0.0
2018-01-04,266.5477,76.47962629405589,1.1188000000000216,0.0,0.0
2018-01-05,268.3239,79.64855372402391,1.7761999999999603,0.0,0.0
2018-01-08,268.8146,80.432892320225,0.4907000000000039,0.0,0.0
2018-01-09,269.4231,81.39067742923467,0.6084999999999923,0.0,0.0
2018-01-10,269.0109,78.58452931529972,-0.41219999999998436,0.0,0.0
2018-01-11,270.9736,81.80184644126614,1.962699999999984,0.0,0.0
2018-01-12,272.7401,84.11496933452804,1.7665000000000077,0.0,0.0
2018-01-16,271.8078,78.44764560339111,-0.9322999999999979,0.0,0.0
2018-01-17,274.3986,82.06415404493143,2.5908000000000015,0.0,0.0
2018-01-18,273.9373,79.5059873058513,-0.46129999999999427,0.0,0.0
2018-01-19,275.1837,81.21031650586634,1.2463999999999942,0.0,0.0
2018-01-22,277.4212,83.81280268356974,2.2375000000000114,0.0,0.0
2018-01-23,278.01,84.42418000814912,0.588799999999992,0.0,0.0
2018-01-24,277.902,83.79898277007034,-0.10800000000000409,0.0,0.0
2018-01-25,278.0198,83.93869590028714,0.11779999999998836,0.0,0.0
2018-01-26,281.2387,87.18960208557823,3.218900000000019,0.0,0.0
2018-01-29,279.3741,77.41474936999586,-1.8645999999999958,0.0,0.0
2018-01-30,276.5085,65.29861529547337,-2.865599999999972,0.0,0.0
2018-01-31,276.6459,65.57680902211544,0.1373999999999569,0.0,0.0
2018-02-01,276.3319,64.30800896459937,-0.31399999999996453,0.0,0.0
2018-02-02,270.3161,45.960531086098314,-6.015800000000013,0.0,0.0
2018-02-05,259.0108,29.136696131091867,-11.305299999999988,0.0,0.0
2018-02-06,264.1139,39.8413936142156,5.1030999999999835,0.0,0.0
2018-02-07,262.6811,38.10108403183417,-1.432799999999986,0.0,0.0
2018-02-08,252.8282,28.788435060434338,-9.852900000000005,0.0,0.0
2018-02-09,256.6261,35.34809548217092,3.7978999999999985,0.0,0.0
2018-02-12,260.3945,41.141552428001994,3.7683999999999855,0.0,0.0
2018-02-13,261.0422,42.10188676531142,0.6476999999999862,0.0,0.0
2018-02-14,264.5653,47.1528157645948,3.5230999999999995,0.0,0.0
2018-02-15,267.9412,51.51739226599914,3.3759000000000015,0.0,0.0
2018-02-16,268.0197,51.61745531465211,0.07850000000001955,0.0,0.0
2018-02-20,266.3416,49.27615339158332,-1.6780999999999722,0.0,0.0
2018-02-21,265.0168,47.446445832933925,-1.3248000000000388,0.0,0.0
2018-02-22,265.3602,47.98558791629791,0.343400000000031,0.0,0.0
2018-02-23,269.5899,54.21589971982902,4.22969999999998,0.0,0.0
2018-02-26,272.7204,58.206042286301454,3.1304999999999836,0.0,0.0
2018-02-27,269.3151,52.81404670252409,-3.405300000000011,0.0,0.0
2018-02-28,266.5869,48.905255275702906,-2.7281999999999584,0.0,0.0
2018-03-01,262.7106,43.93036276675986,-3.8763000000000147,0.0,0.0
2018-03-02,264.0648,45.99714630144217,1.3541999999999916,0.0,0.0
2018-03-05,267.1169,50.43190606617278,3.052099999999996,0.0,0.0
2018-03-06,267.794,51.38570346267669,0.6770999999999958,0.0,0.0
2018-03-07,267.6959,51.2318897107721,-0.09809999999998809,0.0,0.0
2018-03-08,268.9913,53.22304167510754,1.2954000000000292,0.0,0.0
2018-03-09,273.6724,59.63642009431103,4.681099999999958,0.0,0.0
2018-03-12,273.3289,58.997200909550195,-0.3435000000000059,0.0,0.0
2018-03-13,271.5624,55.691247235665486,-1.7664999999999509,0.0,0.0
2018-03-14,270.1689,53.16059090665441,-1.3935000000000173,0.0,0.0
2018-03-15,269.8745,52.61660882273549,-0.294399999999996,0.0,0.0
2018-03-16,270.1668,53.12943557566631,0.29230000000001155,0.0,0.0
2018-03-19,266.5114,46.370516555939886,-3.655400000000043,0.0,0.0
2018-03-20,266.9646,47.26623293232152,0.453200000000038,0.0,0.0
2018-03-21,266.4523,46.324353303748055,-0.5123000000000388,0.0,0.0
2018-03-22,259.7917,36.21894456829687,-6.660599999999988,0.0,0.0
2018-03-23,254.2544,30.30100032849228,-5.537299999999988,0.0,0.0
2018-03-26,261.2105,42.91872841562976,6.956100000000021,0.0,0.0
2018-03-27,256.7669,38.16559036285216,-4.4436000000000035,0.0,0.0
2018-03-28,256.0082,37.403914063855986,-0.758700000000033,0.0,0.0
2018-03-29,259.2794,42.71251311329221,3.2712000000000216,0.0,0.0
2018-04-02,253.6829,36.94047354950289,-5.59650000000002,0.0,0.0
2018-04-03,256.9344,41.856636391538565,3.251499999999993,0.0,0.0
2018-04-04,259.6833,45.710126519655454,2.748899999999992,0.0,0.0
2018-04-05,261.7327,48.453025136156874,2.0494000000000483,0.0,0.0
2018-04-06,255.8998,41.95583239937037,-5.8329000000000235,0.0,0.0
2018-04-09,257.161,43.713329147227846,1.2612000000000023,0.0,0.0
2018-04-10,261.2499,49.09484828906134,4.088900000000024,0.0,0.0
2018-04-11,259.8804,47.45821654285522,-1.3695000000000164,0.0,0.0
2018-04-12,262.0185,50.24681873351698,2.1381000000000085,0.0,0.0
2018-04-13,261.2499,49.23520537005921,-0.7685999999999922,0.0,0.0
2018-04-16,263.3979,52.135474659658165,2.1479999999999677,0.0,0.0
2018-04-17,266.2158,55.710296835684645,2.8179000000000087,0.0,0.0
2018-04-18,266.4129,55.95806914477943,0.19709999999997763,0.0,0.0
2018-04-19,264.9349,53.53929594685455,-1.4779999999999518,0.0,0.0
2018-04-20,262.6885,50.00165200280063,-2.246400000000051,0.0,0.0
2018-04-23,262.6491,49.93932475576169,-0.039400000000000546,0.0,0.0
2018-04-24,259.1119,44.568183180340675,-3.5371999999999844,0.0,0.0
2018-04-25,259.7523,45.70671826327081,0.6403999999999996,0.0,0.0
2018-04-26,262.3929,50.24469893624709,2.6406000000000063,0.0,0.0
2018-04-27,262.6392,50.65895735911269,0.24630000000001928,0.0,0.0
2018-04-30,260.6194,47.189169206845335,-2.019800000000032,0.0,0.0
2018-05-01,261.0824,48.06727159653131,0.4630000000000223,0.0,0.0
2018-05-02,259.3286,45.014078435942096,-1.7538000000000125,0.0,0.0
2018-05-03,258.7572,44.03272548897904,-0.5713999999999828,0.0,0.0
2018-05-04,262.1071,50.80417172578501,3.349899999999991,0.0,0.0
2018-05-07,262.9939,52.4444846028368,0.8867999999999938,0.0,0.0
2018-05-08,262.9939,52.444484602836795,0.0,0.0,0.0
2018-05-09,265.536,57.18996627395402,2.542100000000005,0.0,0.0
2018-05-10,268.0189,61.256543739647725,2.4828999999999724,0.0,0.0
2018-05-11,268.8367,62.519424344234594,0.8178000000000338,0.0,0.0
2018-05-14,268.9648,62.724387325595224,0.12810000000001764,0.0,0.0
2018-05-15,267.1124,57.80193122204054,-1.8524000000000456,0.0,0.0
2018-05-16,268.2357,59.85913728750752,1.1233000000000288,0.0,0.0
2018-05-17,268.009,59.231543386811886,-0.2266999999999939,0.0,0.0
2018-05-18,267.339,57.31881445942641,-0.6700000000000159,0.0,0.0
2018-05-21,269.349,61.351034206056006,2.009999999999991,0.0,0.0
2018-05-22,268.6002,59.110623099237685,-0.748800000000017,0.0,0.0
2018-05-23,269.3392,60.638338772295796,0.7390000000000327,0.0,0.0
2018-05-24,268.7874,58.869673652862026,-0.5518000000000143,0.0,0.0
2018-05-25,268.147,56.79908437285547,-0.6403999999999996,0.0,0.0
2018-05-29,265.063,48.03668417973513,-3.084000000000003,0.0,0.0
2018-05-30,268.6002,56.35356465256302,3.5371999999999844,0.0,0.0
2018-05-31,266.9548,52.17058394244839,-1.645399999999995,0.0,0.0
2018-06-01,269.5757,57.57280587286982,2.620900000000006,0.0,0.0
2018-06-04,270.8565,59.953261271725275,1.2807999999999993,0.0,0.0
2018-06-05,271.0536,60.32219921211355,0.19710000000003447,0.0,0.0
2018-06-06,273.3198,64.38491501907785,2.2661999999999694,0.0,0.0
2018-06-07,273.2902,64.29231606495034,-0.029599999999959437,0.0,0.0
2018-06-08,274.0981,65.7405954390913,0.807899999999961,0.0,0.0
2018-06-11,274.4627,66.4028677712848,0.3645999999999958,0.0,0.0
2018-06-12,274.8174,67.06979800196551,0.35470000000003665,0.0,0.0
2018-06-13,273.9405,63.703039875321664,-0.8769000000000347,0.0,0.0
2018-06-14,274.6302,65.1833958727745,0.6897000000000162,0.0,0.0
2018-06-15,274.2795,63.759426852687135,-0.35070000000001755,0.0,0.0
2018-06-18,273.7153,61.43424934087559,-0.5641999999999712,0.0,0.0
2018-06-19,272.6663,57.25361922613995,-1.049000000000035,0.0,0.0
2018-06-20,273.1314,58.59885700260744,0.46510000000000673,0.0,0.0
2018-06-21,271.4192,52.09875880127935,-1.7121999999999957,0.0,0.0
2018-06-22,271.9141,53.69751669281964,0.49490000000002965,0.0,0.0
2018-06-25,268.2125,42.32018937068688,-3.7016000000000417,0.0,0.0
2018-06-26,268.8064,44.35724639747001,0.5939000000000192,0.0,0.0
2018-06-27,266.5795,38.820969405982595,-2.2269000000000005,0.0,0.0
2018-06-28,268.1037,43.975152486453176,1.5242000000000075,0.0,0.0
2018-06-29,268.4897,45.233504736686584,0.3860000000000241,0.0,0.0
2018-07-02,269.0637,47.13501608824127,0.5739999999999554,0.0,0.0
2018-07-03,268.1136,44.38781857771593,-0.9500999999999635,0.0,0.0
2018-07-05,270.3008,51.40893966896605,2.1871999999999616,0.0,0.0
2018-07-06,272.5871,57.455511804691646,2.2863000000000397,0.0,0.0
2018-07-09,275.0416,62.80650453781995,2.454499999999996,0.0,0.0
2018-07-10,276.0313,64.73265008772977,0.9896999999999707,0.0,0.0
2018-07-11,274.0123,58.120142154448914,-2.0190000000000055,0.0,0.0
2018-07-12,276.4964,63.112841966700735,2.484100000000012,0.0,0.0
2018-07-13,276.7142,63.52344070073413,0.2178000000000111,0.0,0.0
2018-07-16,276.4668,62.6700867397063,-0.24740000000002738,0.0,0.0
2018-07-17,277.5851,64.96140388797753,1.1183000000000334,0.0,0.0
2018-07-18,278.1691,66.13056765544626,0.5840000000000032,0.0,0.0
2018-07-19,277.12,62.12049464711193,-1.04910000000001,0.0,0.0
2018-07-20,276.8033,60.91955112670152,-0.31670000000002574,0.0,0.0
2018-07-23,277.3179,62.19835738169311,0.5146000000000299,0.0,0.0
2018-07-24,278.7134,65.49569373590757,1.39549999999997,0.0,0.0
2018-07-25,281.0887,70.25213078890535,2.3753000000000384,0.0,0.0
2018-07-26,280.4256,67.45651430711766,-0.6631000000000427,0.0,0.0
2018-07-27,278.5254,60.078459932246595,-1.900199999999984,0.0,0.0
2018-07-30,277.0705,55.10847720396381,-1.4549000000000092,0.0,0.0
2018-07-31,278.4363,58.57310893338872,1.3658000000000357,0.0,0.0
2018-08-01,277.9711,56.96059116173265,-0.46520000000003847,0.0,0.0
2018-08-02,279.4854,60.748658078639714,1.5143000000000484,0.0,0.0
2018-08-03,280.6829,63.485589535223525,1.197499999999991,0.0,0.0
2018-08-06,281.7122,65.6995045201746,1.029299999999978,0.0,0.0
2018-08-07,282.6426,67.61113849868318,0.9304000000000201,0.0,0.0
2018-08-08,282.5238,67.09693097597345,-0.11880000000002156,0.0,0.0
2018-08-09,282.1378,65.3576406145302,-0.38599999999996726,0.0,0.0
2018-08-10,280.2475,57.497242157754286,-1.8903000000000247,0.0,0.0
2018-08-13,279.1984,53.6414009231786,-1.04910000000001,0.0,0.0
2018-08-14,280.9799,58.70566380327779,1.781499999999994,0.0,0.0
2018-08-15,278.8817,51.56141595758897,-2.098199999999963,0.0,0.0
2018-08-16,281.1382,57.545206472878,2.25649999999996,0.0,0.0
2018-08-17,282.1279,59.88585088913264,0.9897000000000276,0.0,0.0
2018-08-20,282.7316,61.287882872554704,0.6037000000000035,0.0,0.0
2018-08-21,283.3948,62.82504206740606,0.6631999999999607,0.0,0.0
2018-08-22,283.2265,62.150604792254754,-0.1682999999999879,0.0,0.0
2018-08-23,282.8504,60.585366664244226,-0.3761000000000081,0.0,0.0
2018-08-24,284.5527,64.89483352386529,1.7023000000000366,0.0,0.0
2018-08-27,286.7994,69.61652087066761,2.2466999999999757,0.0,0.0
2018-08-28,286.9379,69.88542182594801,0.13850000000002183,0.0,0.0
2018-08-29,288.4819,72.77783126658959,1.5439999999999827,0.0,0.0
2018-08-30,287.314,67.49690739865159,-1.1678999999999746,0.0,0.0
2018-08-31,287.3239,67.51842342745353,0.009899999999959164,0.0,0.0
2018-09-04,286.8291,65.19550341944995,-0.4947999999999979,0.0,0.0
2018-09-05,286.0571,61.63267217505684,-0.7719999999999914,0.0,0.0
2018-09-06,285.196,57.83605142885687,-0.8610999999999649,0.0,0.0
2018-09-07,284.6418,55.46781585945308,-0.5542000000000371,0.0,0.0
2018-09-10,285.1366,57.154670291406234,0.4947999999999979,0.0,0.0
2018-09-11,286.0769,60.23716526426254,0.9403000000000361,0.0,0.0
2018-09-12,286.1462,60.462929351208544,0.06929999999999836,0.0,0.0
2018-09-13,287.8386,65.59974157929574,1.6923999999999637,0.0,0.0
2018-09-14,287.8881,65.73994677275557,0.04950000000002319,0.0,0.0
2018-09-17,286.3639,57.912880607714555,-1.5242000000000075,0.0,0.0
2018-09-18,287.9177,62.778135757082865,1.5538000000000238,0.0,0.0
2018-09-19,288.2246,63.6714232582434,0.30689999999998463,0.0,0.0
2018-09-20,290.5603,69.6426303228823,2.3356999999999744,0.0,0.0
2018-09-21,290.2944,68.2669727208898,-0.2658999999999878,0.0,0.0
2018-09-24,289.33,63.37716749787904,-0.9644000000000119,0.0,0.0
2018-09-25,289.0616,62.04518357621759,-0.26839999999998554,0.0,0.0
2018-09-26,288.1967,57.827548435489646,-0.8648999999999774,0.0,0.0
2018-09-27,289.002,60.51864607889875,0.8052999999999884,0.0,0.0
2018-09-28,289.0318,60.61879191365228,0.029799999999966076,0.0,0.0
2018-10-01,290.0359,63.93801098148274,1.0041000000000508,0.0,0.0
2018-10-02,289.8669,62.975920698332914,-0.16900000000003956,0.0,0.0
2018-10-03,290.026,63.53225239625215,0.15910000000002356,0.0,0.0
2018-10-04,287.7592,51.628881588285886,-2.2667999999999893,0.0,0.0
2018-10-05,286.1486,45.15531316220718,-1.6106000000000336,0.0,0.0
2018-10-08,286.1486,45.155313162207186,0.0,0.0,0.0
2018-10-09,285.7311,43.514994920572555,-0.41749999999996135,0.0,0.0
2018-10-10,276.6839,23.55041403680808,-9.047200000000032,0.0,0.0
2018-10-11,270.5895,17.669478288222095,-6.094400000000007,0.0,0.0
2018-10-12,274.3476,29.380495378496462,3.758100000000013,0.0,0.0
2018-10-15,272.8066,27.644075279250558,-1.5409999999999968,0.0,0.0
2018-10-16,278.7717,41.94687523461873,5.965100000000007,0.0,0.0
2018-10-17,278.8214,42.04965942097924,0.04969999999997299,0.0,0.0
2018-10-18,274.7949,36.42320441084525,-4.026499999999999,0.0,0.0
2018-10-19,274.6458,36.229885671275,-0.1490999999999758,0.0,0.0
2018-10-22,273.413,34.5949230136961,-1.2327999999999975,0.0,0.0
2018-10-23,272.0211,32.795413771715715,-1.391900000000021,0.0,0.0
2018-10-24,263.7793,24.62679923504841,-8.241800000000012,0.0,0.0
2018-10-25,268.5116,34.686260414683204,4.732300000000009,0.0,0.0
2018-10-26,263.7892,30.335334100833407,-4.722399999999993,0.0,0.0
2018-10-29,262.3278,29.118088736481397,-1.4613999999999692,0.0,0.0
2018-10-30,266.2151,36.42568696076118,3.887299999999982,0.0,0.0
2018-10-31,269.0585,41.20081613546976,2.843399999999974,0.0,0.0
2018-11-01,271.9217,45.629410469306286,2.863200000000006,0.0,0.0
2018-11-02,270.3111,43.638353656709086,-1.6105999999999767,0.0,0.0
2018-11-05,271.8024,45.98845920439545,1.491299999999967,0.0,0.0
2018-11-06,273.5224,48.6480146476074,1.7200000000000273,0.0,0.0
2018-11-07,279.3782,56.50114458120304,5.855799999999988,0.0,0.0
2018-11-08,278.8711,55.706661352676086,-0.5070999999999799,0.0,0.0
2018-11-09,276.147,51.51598951790891,-2.7241000000000213,0.0,0.0
2018-11-12,270.9872,44.662468477264,-5.159800000000018,0.0,0.0
2018-11-13,270.4801,44.042331776813036,-0.5070999999999799,0.0,0.0
2018-11-14,268.6309,41.76497091650771,-1.8491999999999962,0.0,0.0
2018-11-15,271.4346,46.298922597535416,2.803699999999992,0.0,0.0
2018-11-16,272.1404,47.40896383783849,0.7058000000000106,0.0,0.0
2018-11-19,267.5373,41.39866712016393,-4.6030999999999835,0.0,0.0
2018-11-20,262.5863,36.09783761222567,-4.951000000000022,0.0,0.0
2018-11-21,263.481,37.65148614011666,0.8947000000000003,0.0,0.0
2018-11-23,261.7213,35.80750221459354,-1.7597000000000094,0.0,0.0
2018-11-26,265.9466,43.02317531064931,4.225300000000004,0.0,0.0
2018-11-27,266.8414,44.4473090790401,0.894800000000032,0.0,0.0
2018-11-28,272.9855,53.11331621588387,6.14409999999998,0.0,0.0
2018-11-29,272.389,52.2609463891043,-0.5964999999999918,0.0,0.0
2018-11-30,274.0493,54.45200847514171,1.6603000000000065,0.0,0.0
2018-12-03,277.6781,58.8927957325485,3.6287999999999556,0.0,0.0
2018-12-04,268.6807,46.72796025396025,-8.99739999999997,0.0,0.0
2018-12-06,268.273,46.26165150124903,-0.4076999999999771,0.0,0.0
2018-12-07,262.0394,39.73290294641038,-6.233600000000024,0.0,0.0
2018-12-10,262.5365,40.45458622561934,0.497099999999989,0.0,0.0
2018-12-11,262.5962,40.546664642844256,0.059700000000020736,0.0,0.0
2018-12-12,263.9185,42.66159225248589,1.3222999999999843,0.0,0.0
2018-12-13,263.829,42.55125824046181,-0.08949999999998681,0.0,0.0
2018-12-14,258.9575,36.94971382319752,-4.871500000000026,0.0,0.0
2018-12-17,253.8771,32.19042585464982,-5.080399999999969,0.0,0.0
2018-12-18,253.5987,31.94758322818005,-0.27840000000000487,0.0,0.0
2018-12-19,249.8009,28.76017779658146,-3.797799999999995,0.0,0.0
2018-12-20,245.7347,25.793006647895737,-4.066200000000009,0.0,0.0
2018-12-21,240.7,22.6737953304481,-5.034700000000015,0.0,0.0
2018-12-24,234.34,19.470556035257502,-6.359999999999985,0.0,0.0
2018-12-26,246.18,37.244896083100876,11.840000000000003,0.0,0.0
2018-12-27,248.07,39.53897867025385,1.8899999999999864,0.0,0.0
2018-12-28,247.75,39.2771765773337,-0.3199999999999932,0.0,0.0
2018-12-31,249.92,42.077999543104426,2.1699999999999875,0.0,0.0
2019-01-02,250.18,42.42068721168745,0.2600000000000193,1.3315825275627406,1.8074107681325546
