date,close,change,rsi,deltas,up,down
2014-01-07,48.5,-2.8671,30.738668908510576,48.5,0.0,0.0
2014-01-08,48.7128,0.212856,30.738668908510576,0.21280000000000143,0.0,0.0
2014-01-09,48.15,-0.562856,30.738668908510576,-0.5628000000000029,0.0,0.0
2014-01-10,47.4485,-0.701428,30.738668908510576,-0.7014999999999958,0.0,0.0
2014-01-13,48.1157,0.667142,30.738668908510576,0.667199999999994,0.0,0.0
2014-01-14,48.28,0.164286,30.738668908510576,0.16430000000000433,0.0,0.0
2014-01-15,47.1971,-1.0829,30.738668908510576,-1.0829000000000022,0.0,0.0
2014-01-16,47.3828,0.185714,30.738668908510576,0.1857000000000042,0.0,0.0
2014-01-17,47.1485,-0.234286,34.227360005706544,-0.23430000000000462,0.0,0.0
2014-01-21,46.9585,-0.19,31.91000686244611,-0.18999999999999773,0.0,0.0
2014-01-22,47.6757,0.717143,30.02586517379686,0.7171999999999983,0.0,0.0
2014-01-23,55.5314,7.8557,44.2304334882312,7.855699999999999,0.0,0.0
2014-01-24,55.1542,-0.377142,84.25181519251552,-0.3771999999999949,0.0,0.0
2014-01-27,54.4614,-0.692857,81.06017232886951,-0.6928000000000054,0.0,0.0
2014-01-28,58.1099,3.6486,75.08795051565265,3.6485000000000056,0.0,0.0
2014-01-29,57.2028,-0.907142,82.74080595871588,-0.9070999999999998,0.0,0.0
2014-01-30,57.8099,0.607142,76.09832781916984,0.6070999999999955,0.0,0.0
2014-01-31,58.4757,0.665714,77.48114162076831,0.6658000000000044,0.0,0.0
2014-02-03,57.7685,-0.707142,79.00335222517259,-0.7072000000000003,0.0,0.0
2014-02-04,57.9871,0.218571,73.0118896438407,0.21859999999999502,0.0,0.0
2014-02-05,57.7742,-0.212857,73.71602512531344,-0.21289999999999765,0.0,0.0
2014-02-06,58.2728,0.498571,71.63584247834157,0.49859999999999616,0.0,0.0
2014-02-07,61.4257,3.1529,73.62795724445587,3.1529000000000025,0.0,0.0
2014-02-10,61.4914,0.065714,82.50724064421232,0.06569999999999965,0.0,0.0
2014-02-11,61.9985,0.507142,82.64641620423065,0.5071000000000012,0.0,0.0
2014-02-12,61.2757,-0.722856,83.78431485287021,-0.7227999999999994,0.0,0.0
2014-02-13,62.3642,1.0886,75.69863383586882,1.0884999999999962,0.0,0.0
2014-02-14,62.2157,-0.148571,79.16008570391145,-0.14849999999999852,0.0,0.0
2014-02-18,62.4071,0.191428,77.43961044796845,0.19140000000000157,0.0,0.0
2014-02-19,61.1757,-1.2314,78.13924413409649,-1.2314000000000007,0.0,0.0
2014-02-20,62.1357,0.959999,63.631988961955585,0.9600000000000009,0.0,0.0
2014-02-21,61.7471,-0.388571,68.79398773953275,-0.3885999999999967,0.0,0.0
2014-02-24,63.8571,2.11,64.55538811778948,2.1099999999999994,0.0,0.0
2014-02-25,64.7185,0.861428,74.359404610371,0.8614000000000033,0.0,0.0
2014-02-26,64.1128,-0.605714,77.29026032981045,-0.605700000000013,0.0,0.0
2014-02-27,64.6042,0.491428,70.78796986649824,0.49140000000001294,0.0,0.0
2014-02-28,63.6614,-0.942856,72.90178278766113,-0.9428000000000054,0.0,0.0
2014-03-03,63.6557,-0.005714,62.91875366372651,-0.005699999999997374,0.0,0.0
2014-03-04,64.9971,1.3414,62.859135388699734,1.3414000000000001,0.0,0.0
2014-03-05,64.7857,-0.211428,70.38727523225927,-0.2113999999999976,0.0,0.0
2014-03-06,64.3585,-0.427143,67.90784570853225,-0.42719999999999914,0.0,0.0
2014-03-07,64.0528,-0.305714,62.80019330392939,-0.30570000000000164,0.0,0.0
2014-03-10,62.8499,-1.2029,59.160480989210846,-1.2029000000000067,0.0,0.0
2014-03-11,62.4971,-0.352857,46.929570194326175,-0.3527999999999949,0.0,0.0
2014-03-12,62.3685,-0.128571,43.887762841291284,-0.12860000000000582,0.0,0.0
2014-03-13,61.4371,-0.931428,42.734314621559285,-0.9313999999999965,0.0,0.0
2014-03-14,60.6414,-0.795713,35.09725725168562,-0.7957000000000036,0.0,0.0
2014-03-17,60.3885,-0.252857,29.883202790521366,-0.2528999999999968,0.0,0.0
2014-03-18,60.0357,-0.352857,28.353458304180265,-0.352800000000002,0.0,0.0
2014-03-19,60.0128,-0.022857,26.21337627788978,-0.02289999999999992,0.0,0.0
2014-03-20,60.6099,0.597142,26.067716444855435,0.5971000000000046,0.0,0.0
2014-03-21,57.9985,-2.6114,36.58823246675251,-2.6114000000000033,0.0,0.0
2014-03-24,54.1285,-3.87,21.381644993228804,-3.8699999999999974,0.0,0.0
2014-03-25,52.9771,-1.1514,12.548544133557769,-1.1514000000000024,0.0,0.0
2014-03-26,53.1828,0.205714,11.00297196611831,0.20570000000000022,0.0,0.0
2014-03-27,52.0257,-1.1571,13.186274459414122,-1.1570999999999998,0.0,0.0
2014-03-28,51.2671,-0.75857,11.390041343842825,-0.7586000000000013,0.0,0.0
2014-03-31,50.2899,-0.977142,10.335224140717983,-0.9771999999999963,0.0,0.0
2014-04-01,52.0985,1.8086,9.095230198176267,1.8085999999999984,0.0,0.0
2014-04-02,51.8399,-0.258571,27.496082166459544,-0.2586000000000013,0.0,0.0
2014-04-03,50.6699,-1.17,26.615803695578208,-1.1700000000000017,0.0,0.0
2014-04-04,48.1871,-2.4829,22.835267797672017,-2.4827999999999975,0.0,0.0
2014-04-07,48.2857,0.098571,16.98430962273899,0.09859999999999758,0.0,0.0
2014-04-08,49.8414,1.5557,17.938298438812453,1.5557000000000016,0.0,0.0
2014-04-09,50.4328,0.591428,32.02746229315767,0.5914000000000001,0.0,0.0
2014-04-10,47.8185,-2.6143,36.74593168411292,-2.6143,0.0,0.0
2014-04-11,46.6728,-1.1457,27.20547020104641,-1.145699999999998,0.0,0.0
2014-04-14,47.3685,0.695714,24.07484513268969,0.6956999999999951,0.0,0.0
2014-04-15,46.61,-0.758571,29.689783985399842,-0.758499999999998,0.0,0.0
2014-04-16,47.3442,0.734285,27.184599446393833,0.7342000000000013,0.0,0.0
2014-04-17,49.3914,2.0471,33.401285020415145,2.0471999999999966,0.0,0.0
2014-04-21,49.7842,0.392857,47.64337309972307,0.39280000000000115,0.0,0.0
2014-04-22,53.2714,3.4871,49.98900932423445,3.4872000000000014,0.0,0.0
2014-04-23,50.4999,-2.7714,65.61579958784496,-2.771500000000003,0.0,0.0
2014-04-24,49.1528,-1.3471,51.11012250352807,-1.3470999999999975,0.0,0.0
2014-04-25,46.0114,-3.1414,45.51996470921097,-3.1413999999999973,0.0,0.0
2014-04-28,44.8871,-1.1243,35.245921920519365,-1.1243000000000052,0.0,0.0
2014-04-29,45.6957,0.808571,32.26706379573277,0.8086000000000055,0.0,0.0
2014-04-30,46.0057,0.309999,36.66655026467125,0.30999999999999517,0.0,0.0
2014-05-01,48.0741,2.0684,38.41914646869979,2.068400000000004,0.0,0.0
2014-05-02,48.6642,0.590142,49.14942047669344,0.5900999999999996,0.0,0.0
2014-05-05,49.1971,0.532857,51.883273269669985,0.5328999999999979,0.0,0.0
2014-05-06,46.5985,-2.5986,54.41240802544082,-2.5985999999999976,0.0,0.0
2014-05-07,45.7914,-0.807142,42.08385482384838,-0.8070999999999984,0.0,0.0
2014-05-08,45.9514,0.16,38.95103359172696,0.1599999999999966,0.0,0.0
2014-05-09,46.9357,0.984284,39.963538575479944,0.9842999999999975,0.0,0.0
2014-05-12,49.35,2.4143,46.23295881619678,2.4143000000000043,0.0,0.0
2014-05-13,49.5914,0.241428,58.408312632579445,0.24139999999999873,0.0,0.0
2014-05-14,50.2685,0.677142,59.457526551073514,0.6771000000000029,0.0,0.0
2014-05-15,49.17,-1.0986,62.49059195755375,-1.0985000000000014,0.0,0.0
2014-05-16,49.9828,0.812856,54.87816858473442,0.8127999999999957,0.0,0.0
2014-05-19,52.0714,2.0886,59.092047098253154,2.0885999999999996,0.0,0.0
2014-05-20,53.0957,1.0243,67.89616439226332,1.0243000000000038,0.0,0.0
2014-05-21,55.7999,2.7043,71.35188036424435,2.7042,0.0,0.0
2014-05-22,55.9714,0.171429,78.3753272658452,0.17150000000000176,0.0,0.0
2014-05-23,57.4785,1.5071,78.75270749949274,1.507099999999994,0.0,0.0
2014-05-27,56.9728,-0.505714,81.92241844752051,-0.5056999999999974,0.0,0.0
2014-05-28,57.3199,0.347143,77.48926794962611,0.3470999999999975,0.0,0.0
2014-05-29,59.3142,1.9943,78.40599144455697,1.9943000000000026,0.0,0.0
2014-05-30,59.6899,0.375714,82.96164285156323,0.3757000000000019,0.0,0.0
2014-06-02,60.2942,0.604285,83.70194959998045,0.604299999999995,0.0,0.0
2014-06-03,59.6528,-0.641428,84.90733597471493,-0.6413999999999973,0.0,0.0
2014-06-04,60.4585,0.805714,77.91666260409201,0.8057000000000016,0.0,0.0
2014-06-05,61.1928,0.734285,80.25090492818028,0.7342999999999975,0.0,0.0
2014-06-06,61.4471,0.254285,82.20950171334717,0.25430000000000064,0.0,0.0
2014-06-09,60.4414,-1.0057,82.88141575058086,-1.0056999999999974,0.0,0.0
2014-06-10,61.1842,0.742857,70.79570567385989,0.7427999999999955,0.0,0.0
2014-06-11,61.4285,0.244285,73.99661658856198,0.24430000000000263,0.0,0.0
2014-06-12,60.3499,-1.0786,75.0253658423793,-1.0786000000000016,0.0,0.0
2014-06-13,61.1014,0.751427,62.54019553533436,0.7515000000000001,0.0,0.0
2014-06-16,61.4657,0.364286,66.92281014332508,0.36430000000000007,0.0,0.0
2014-06-17,63.3785,1.9129,68.93638336010007,1.9128000000000043,0.0,0.0
2014-06-18,64.0971,0.718571,77.24820505048038,0.718599999999995,0.0,0.0
2014-06-19,63.0557,-1.0414,79.5924570014217,-1.0413999999999959,0.0,0.0
2014-06-20,62.8828,-0.172857,67.98946302953684,-0.1728999999999985,0.0,0.0
2014-06-23,62.7885,-0.094285,66.15987144985698,-0.09430000000000405,0.0,0.0
2014-06-24,62.3371,-0.451428,65.06835582833062,-0.4513999999999996,0.0,0.0
2014-06-25,63.4585,1.1214,59.68061806185245,1.1214000000000013,0.0,0.0
2014-06-26,62.8014,-0.657142,67.35462638220386,-0.6570999999999998,0.0,0.0
2014-06-27,63.1542,0.352857,59.73975679076748,0.352800000000002,0.0,0.0
2014-06-30,62.9428,-0.211429,62.35174577183937,-0.2114000000000047,0.0,0.0
2014-07-01,67.5856,4.6429,59.69944363355704,4.642800000000001,0.0,0.0
2014-07-02,66.6771,-0.908571,80.50812862273044,-0.9085000000000036,0.0,0.0
2014-07-03,67.4785,0.801428,72.17373061737268,0.801400000000001,0.0,0.0
2014-07-07,65.8028,-1.6757,74.80325133069658,-1.675699999999992,0.0,0.0
2014-07-08,63.5785,-2.2243,61.02347285579365,-2.2243000000000066,0.0,0.0
2014-07-09,63.2857,-0.292857,47.69492176992586,-0.2927999999999997,0.0,0.0
2014-07-10,62.6499,-0.635714,46.17728239457391,-0.6357999999999961,0.0,0.0
2014-07-11,62.8514,0.201429,42.79876762038959,0.2014999999999958,0.0,0.0
2014-07-14,64.6542,1.8029,44.27514892261251,1.8028000000000048,0.0,0.0
2014-07-15,64.1556,-0.498585,55.91453694727144,-0.49859999999999616,0.0,0.0
2014-07-16,63.4914,-0.664285,52.45193730136338,-0.6642000000000081,0.0,0.0
2014-07-17,62.7657,-0.725713,47.932210447498065,-0.7256999999999962,0.0,0.0
2014-07-18,63.4528,0.687142,43.27631389743076,0.6871000000000009,0.0,0.0
2014-07-21,64.5642,1.1114,48.671517382887764,1.1113999999999962,0.0,0.0
2014-07-22,61.5842,-2.98,56.34651349974002,-2.979999999999997,0.0,0.0
2014-07-23,61.1285,-0.455714,38.6410730377893,-0.4557000000000002,0.0,0.0
2014-07-24,60.7685,-0.359999,36.62948715833168,-0.35999999999999943,0.0,0.0
2014-07-25,60.2657,-0.502857,34.98521096786402,-0.5028000000000006,0.0,0.0
2014-07-28,60.6657,0.4,32.64580062054711,0.3999999999999986,0.0,0.0
2014-07-29,60.6114,-0.054286,36.50560032856929,-0.054299999999997794,0.0,0.0
2014-07-30,62.0514,1.44,36.1839853347778,1.4399999999999977,0.0,0.0
2014-07-31,60.3885,-1.6629,49.635419988809716,-1.6629000000000005,0.0,0.0
2014-08-01,60.7714,0.382857,38.83271977017167,0.38289999999999935,0.0,0.0
2014-08-04,60.3857,-0.385714,42.14584306662813,-0.38569999999999993,0.0,0.0
2014-08-05,60.4071,0.021428,39.671725806203106,0.021399999999999864,0.0,0.0
2014-08-06,61.4714,1.0643,39.89574176449872,1.064300000000003,0.0,0.0
2014-08-07,64.2385,2.7671,50.35911948752083,2.7670999999999992,0.0,0.0
2014-08-08,63.6928,-0.545714,67.28281827676534,-0.5457000000000036,0.0,0.0
2014-08-11,64.5057,0.812857,62.48171610538924,0.8129000000000062,0.0,0.0
2014-08-12,63.7728,-0.732857,66.54551430003622,-0.7329000000000079,0.0,0.0
2014-08-13,64.5042,0.731428,59.86431782881592,0.7314000000000007,0.0,0.0
2014-08-14,64.4099,-0.094285,63.988356146739825,-0.09430000000000405,0.0,0.0
2014-08-15,65.5842,1.1743,63.03417444712911,1.1743000000000023,0.0,0.0
2014-08-18,66.5714,0.987142,69.50656703932339,0.9872000000000014,0.0,0.0
2014-08-19,66.8785,0.307143,73.89734644123206,0.3071000000000055,0.0,0.0
2014-08-20,67.4556,0.577142,75.16875945854859,0.5771000000000015,0.0,0.0
2014-08-21,67.4356,-0.02,77.52017275113354,-0.020000000000010232,0.0,0.0
2014-08-22,68.4556,1.02,77.23053254755386,1.0200000000000102,0.0,0.0
2014-08-25,68.7042,0.248571,81.3023882012422,0.24859999999999616,0.0,0.0
2014-08-26,68.4799,-0.224285,82.18946009718955,-0.2242999999999995,0.0,0.0
2014-08-27,67.8142,-0.665714,78.35603611033088,-0.6657000000000011,0.0,0.0
2014-08-28,67.8871,0.072857,67.65235726270964,0.07290000000000418,0.0,0.0
2014-08-29,68.2342,0.347142,68.19575920513739,0.3470999999999975,0.0,0.0
2014-09-02,68.0856,-0.148571,70.8612505770695,-0.14860000000000184,0.0,0.0
2014-09-03,68.1985,0.112857,68.07081481249324,0.11289999999999623,0.0,0.0
2014-09-04,67.5242,-0.674285,69.12626746678463,-0.6743000000000023,0.0,0.0
2014-09-05,67.9542,0.43,56.396749981861944,0.4300000000000068,0.0,0.0
2014-09-08,68.4756,0.521428,61.55629047941235,0.5213999999999999,0.0,0.0
2014-09-09,68.4299,-0.045714,66.97239553036741,-0.04569999999999652,0.0,0.0
2014-09-10,69.1985,0.76857,66.04017887993835,0.7685999999999922,0.0,0.0
2014-09-11,68.7942,-0.404285,73.20624427764213,-0.4042999999999921,0.0,0.0
2014-09-12,68.0785,-0.715714,64.9650307224461,-0.7156999999999982,0.0,0.0
2014-09-15,65.3928,-2.6857,52.913247993097585,-2.6857000000000113,0.0,0.0
2014-09-16,65.2728,-0.12,29.468679177969676,-0.11999999999999034,0.0,0.0
2014-09-17,64.9328,-0.34,28.816694066207035,-0.3400000000000034,0.0,0.0
2014-09-18,65.5728,0.64,26.89022904732316,0.6400000000000006,0.0,0.0
2014-09-19,65.3599,-0.212857,36.08262839457995,-0.21290000000000475,0.0,0.0
2014-09-22,63.2542,-2.1057,34.43683035375486,-2.105699999999999,0.0,0.0
2014-09-23,63.4142,0.16,22.720408183511836,0.1600000000000037,0.0,0.0
2014-09-24,64.3657,0.951428,24.938127937633766,0.9515000000000029,0.0,0.0
2014-09-25,63.3557,-1.01,37.188019050636555,-1.0100000000000051,0.0,0.0
2014-09-26,64.1071,0.751428,31.04192886653169,0.7514000000000038,0.0,0.0
2014-09-29,64.2228,0.115714,39.53831218162023,0.11570000000000391,0.0,0.0
2014-09-30,64.4542,0.231428,40.82153816479843,0.2313999999999936,0.0,0.0
2014-10-01,62.6857,-1.7686,43.55954980466037,-1.768500000000003,0.0,0.0
2014-10-02,64.2828,1.5971,31.023348563948858,1.5970999999999975,0.0,0.0
2014-10-03,65.6485,1.3657,46.818886890035365,1.365700000000004,0.0,0.0
2014-10-06,66.2114,0.562856,56.54404681160378,0.5628999999999991,0.0,0.0
2014-10-07,65.1785,-1.0329,59.99023702401524,-1.032899999999998,0.0,0.0
2014-10-08,66.6942,1.5157,51.435513665668076,1.5156999999999954,0.0,0.0
2014-10-09,65.9456,-0.748571,60.80825989917739,-0.7485999999999962,0.0,0.0
2014-10-10,64.5828,-1.3629,54.83492322432617,-1.362799999999993,0.0,0.0
2014-10-13,62.6542,-1.9286,45.52889317451127,-1.928600000000003,0.0,0.0
2014-10-14,64.1599,1.5057,35.72409666737967,1.5056999999999903,0.0,0.0
2014-10-15,64.0842,-0.075714,46.08403378711687,-0.07569999999999766,0.0,0.0
2014-10-16,51.6714,-12.4128,45.6610878359971,-12.412799999999997,0.0,0.0
2014-10-17,51.0128,-0.658571,16.789817943536406,-0.6585999999999999,0.0,0.0
2014-10-20,51.3171,0.304286,16.169875871550886,0.3043000000000049,0.0,0.0
2014-10-21,52.2842,0.967141,17.773085936239553,0.967099999999995,0.0,0.0
2014-10-22,53.5214,1.2371,23.11425033004562,1.2372000000000014,0.0,0.0
2014-10-23,54.7199,1.1986,29.78197309918673,1.1985000000000028,0.0,0.0
2014-10-24,55.0028,0.282857,35.934032028762076,0.28289999999999793,0.0,0.0
2014-10-27,54.1999,-0.802856,37.412939570998034,-0.8029000000000011,0.0,0.0
2014-10-28,55.1742,0.974285,34.80656142251431,0.9742999999999995,0.0,0.0
2014-10-29,54.0142,-1.16,40.550431477933714,-1.1599999999999966,0.0,0.0
2014-10-30,54.1442,0.13,36.20946219742722,0.12999999999999545,0.0,0.0
2014-10-31,56.1099,1.9657,37.07226322819425,1.9657000000000053,0.0,0.0
2014-11-03,55.4871,-0.622857,48.99404365624858,-0.6228000000000051,0.0,0.0
2014-11-04,54.6828,-0.804285,45.848557746667346,-0.8042999999999978,0.0,0.0
2014-11-05,54.3399,-0.342856,41.880567603062474,-0.3429000000000002,0.0,0.0
2014-11-06,54.7571,0.417142,40.18617027464184,0.4172000000000011,0.0,0.0
2014-11-07,54.8799,0.122857,43.371829674679226,0.12279999999999802,0.0,0.0
2014-11-10,55.3242,0.444285,44.36911997444714,0.44429999999999836,0.0,0.0
2014-11-11,54.6499,-0.674285,48.14350269520747,-0.6742999999999952,0.0,0.0
2014-11-12,54.8371,0.187143,43.07448409768576,0.18719999999999715,0.0,0.0
2014-11-13,54.2014,-0.635714,44.914188253675555,-0.6356999999999999,0.0,0.0
2014-11-14,55.1485,0.947142,39.90724266696513,0.9470999999999989,0.0,0.0
2014-11-17,54.4485,-0.699999,49.49410803991916,-0.6999999999999957,0.0,0.0
2014-11-18,54.4328,-0.015714,43.616750931493605,-0.01570000000000249,0.0,0.0
2014-11-19,51.8714,-2.5614,43.48427344745647,-2.561399999999999,0.0,0.0
2014-11-20,52.5914,0.719999,27.77108748780286,0.7199999999999989,0.0,0.0
2014-11-21,51.4685,-1.1229,35.28371794025091,-1.1229000000000013,0.0,0.0
2014-11-24,50.9242,-0.544285,29.76553838229796,-0.5442999999999998,0.0,0.0
2014-11-25,49.8557,-1.0686,27.392371142151603,-1.0685000000000002,0.0,0.0
2014-11-26,50.1657,0.31,23.235655771581975,0.3100000000000023,0.0,0.0
2014-11-28,49.5128,-0.652856,26.912717700103045,-0.6529000000000025,0.0,0.0
2014-12-01,48.83,-0.682857,24.130705257888096,-0.6828000000000003,0.0,0.0
2014-12-02,50.3299,1.5,21.476854479791413,1.4999000000000038,0.0,0.0
2014-12-03,50.7314,0.401428,38.46610838671471,0.40149999999999864,0.0,0.0
2014-12-04,50.0857,-0.645714,42.285299692258945,-0.6456999999999979,0.0,0.0
2014-12-05,50.1314,0.045714,37.9547085830102,0.04569999999999652,0.0,0.0
2014-12-08,48.4971,-1.6343,38.4646070584746,-1.634299999999996,0.0,0.0
2014-12-09,49.1114,0.614285,28.795705946858774,0.6143000000000001,0.0,0.0
2014-12-10,47.76,-1.3514,35.735073777528015,-1.3514000000000053,0.0,0.0
2014-12-11,47.8042,0.044286,28.702173495121002,0.04420000000000357,0.0,0.0
2014-12-12,47.7828,-0.021429,29.223849906877504,-0.021399999999999864,0.0,0.0
2014-12-15,46.72,-1.0629,29.106079542895245,-1.0628000000000029,0.0,0.0
2014-12-16,45.2057,-1.5143,23.693439478901297,-1.5142999999999986,0.0,0.0
2014-12-17,47.6642,2.4586,18.186736298828905,2.458500000000001,0.0,0.0
2014-12-18,47.7742,0.11,42.83798762466232,0.10999999999999943,0.0,0.0
2014-12-19,48.5885,0.814285,43.70530781251285,0.8143000000000029,0.0,0.0
2014-12-22,48.0971,-0.491428,50.10951492528564,-0.49140000000000583,0.0,0.0
2014-12-23,48.0614,-0.035714,46.46375836629909,-0.03569999999999851,0.0,0.0
2014-12-24,48.8714,0.809999,46.184673754495975,0.8100000000000023,0.0,0.0
2014-12-26,48.5785,-0.292857,53.43444457270022,-0.29290000000000305,0.0,0.0
2014-12-29,48.8471,0.268571,50.61686237596338,0.2685999999999993,0.0,0.0
2014-12-30,49.0328,0.185714,53.20309666125624,0.1857000000000042,0.0,0.0
2014-12-31,48.8014,-0.231428,55.06291923945182,-0.23140000000000072,0.0,0.0
2015-01-02,49.8485,1.0471,52.11329856813054,1.0471000000000004,0.0,0.0
2015-01-05,47.3114,-2.5371,62.50046373201941,-2.5371000000000024,0.0,0.0
2015-01-06,46.5014,-0.809999,39.04685934175904,-0.8100000000000023,0.0,0.0
2015-01-07,46.7428,0.241428,34.34443729162058,0.24140000000000583,0.0,0.0
2015-01-08,47.7792,1.0364,36.93170683338296,1.0364000000000004,0.0,0.0
2015-01-09,47.0414,-0.737856,47.14937886296464,-0.7378,0.0,0.0
2015-01-12,45.5471,-1.4943,41.65806653331725,-1.4943000000000026,0.0,0.0
2015-01-13,46.2557,0.708571,32.81294971198241,0.708599999999997,0.0,0.0
2015-01-14,46.32,0.064286,39.74605040991933,0.06430000000000291,0.0,0.0
2015-01-15,46.2514,-0.068572,40.383917716281395,-0.06860000000000355,0.0,0.0
2015-01-16,48.1914,1.94,39.86939233951047,1.9400000000000048,0.0,0.0
2015-01-20,49.8285,1.6371,57.41309592314583,1.6370999999999967,0.0,0.0
2015-01-21,58.4685,8.64,66.76477739287886,8.64,0.0,0.0
2015-01-22,61.2057,2.7371,85.70205863364507,2.7372000000000014,0.0,0.0
2015-01-23,62.4935,1.2879,88.147222820848,1.2877999999999972,0.0,0.0
2015-01-26,63.7942,1.3007,89.14545078550488,1.300699999999999,0.0,0.0
2015-01-27,64.8814,1.0871,90.1071070512189,1.0872000000000028,0.0,0.0
2015-01-28,63.2085,-1.6729,90.87896355355917,-1.6728999999999985,0.0,0.0
2015-01-29,63.3999,0.191429,79.91352561665323,0.19140000000000157,0.0,0.0
2015-01-30,63.1142,-0.285714,80.2255557940564,-0.2857000000000056,0.0,0.0
2015-02-02,63.0092,-0.105,78.15463560035114,-0.10499999999999687,0.0,0.0
2015-02-03,65.2742,2.265,77.31638878071927,2.2649999999999935,0.0,0.0
2015-02-04,64.1014,-1.1729,82.06001189737647,-1.1727999999999952,0.0,0.0
2015-02-05,64.1299,0.028572,73.02267547535297,0.028500000000008185,0.0,0.0
2015-02-06,63.4799,-0.649999,73.10513670700325,-0.6500000000000057,0.0,0.0
2015-02-09,63.2949,-0.185,67.7230413472089,-0.18500000000000227,0.0,0.0
2015-02-10,64.8499,1.555,66.13919379272744,1.5550000000000068,0.0,0.0
2015-02-11,64.9842,0.134286,72.3508723115979,0.1342999999999961,0.0,0.0
2015-02-12,65.2471,0.262857,72.84256385074889,0.2629000000000019,0.0,0.0
2015-02-13,66.5856,1.3386,73.88161833557052,1.3384999999999962,0.0,0.0
2015-02-17,67.1371,0.551428,78.63834029905097,0.5515000000000043,0.0,0.0
2015-02-18,67.8656,0.72857,80.32528159345424,0.7284999999999968,0.0,0.0
2015-02-19,67.7999,-0.065714,82.4214339216804,-0.06570000000000675,0.0,0.0
2015-02-20,68.3142,0.514285,81.52609080582852,0.5143000000000058,0.0,0.0
2015-02-23,67.4056,-0.90857,83.16206367410712,-0.9085999999999927,0.0,0.0
2015-02-24,67.8399,0.434285,70.54816109692264,0.43429999999999325,0.0,0.0
2015-02-25,68.3328,0.492857,72.80174455620345,0.4929000000000059,0.0,0.0
2015-02-26,69.0042,0.671428,75.2572826243362,0.6713999999999913,0.0,0.0
2015-02-27,67.8442,-1.16,78.30660667853803,-1.1599999999999966,0.0,0.0
2015-03-02,68.6071,0.762856,62.98104116423602,0.7629000000000019,0.0,0.0
2015-03-03,67.8156,-0.791428,67.72804805879218,-0.7914999999999992,0.0,0.0
2015-03-04,67.1099,-0.705713,58.7896922072365,-0.7057000000000073,0.0,0.0
2015-03-05,66.8071,-0.302857,51.820261066947836,-0.30279999999999063,0.0,0.0
2015-03-06,64.8742,-1.9329,48.972832647706824,-1.9329000000000036,0.0,0.0
2015-03-09,63.6614,-1.2129,34.960865480407165,-1.2128000000000014,0.0,0.0
2015-03-10,62.1514,-1.51,29.008646403772175,-1.509999999999998,0.0,0.0
2015-03-11,62.8842,0.732857,23.35194044073853,0.7327999999999975,0.0,0.0
2015-03-12,64.0456,1.1614,30.833096491418686,1.1613999999999933,0.0,0.0
2015-03-13,62.6285,-1.4171,41.22336551644925,-1.4170999999999907,0.0,0.0
2015-03-16,60.2814,-2.3471,34.08359193642724,-2.3471000000000046,0.0,0.0
2015-03-17,59.7885,-0.492856,25.668417377094812,-0.4928999999999988,0.0,0.0
2015-03-18,60.4457,0.657142,24.232603177115735,0.6572000000000031,0.0,0.0
2015-03-19,60.7442,0.298571,30.183574856015767,0.2984999999999971,0.0,0.0
2015-03-20,61.1849,0.440714,32.919366489780145,0.44069999999999965,0.0,0.0
2015-03-23,60.7142,-0.470714,37.07870469333301,-0.4707000000000008,0.0,0.0
2015-03-24,62.6114,1.8971,34.46980086754132,1.897200000000005,0.0,0.0
2015-03-25,60.2499,-2.3614,50.50905915988216,-2.3615000000000066,0.0,0.0
2015-03-26,59.7514,-0.498571,37.46439730378944,-0.49849999999999994,0.0,0.0
2015-03-27,59.2528,-0.498571,35.266652856360835,-0.49859999999999616,0.0,0.0
2015-03-30,60.3671,1.1143,33.050840899351584,1.1143,0.0,0.0
2015-03-31,59.5271,-0.839999,42.30935178065715,-0.8400000000000034,0.0,0.0
2015-04-01,59.0171,-0.509999,37.805171055806504,-0.509999999999998,0.0,0.0
2015-04-02,59.1542,0.137143,35.204641105646445,0.13710000000000377,0.0,0.0
2015-04-06,60.3299,1.1757,36.546063311132315,1.175699999999999,0.0,0.0
2015-04-07,60.4942,0.164285,47.246217086793315,0.16429999999999723,0.0,0.0
2015-04-08,63.0499,2.5557,48.62958551227243,2.5557000000000016,0.0,0.0
2015-04-09,62.7857,-0.264285,64.96397704039487,-0.26420000000000243,0.0,0.0
2015-04-10,64.9385,2.1529,62.611117847086604,2.1528000000000063,0.0,0.0
2015-04-13,67.8114,2.8729,72.03908405925935,2.8729000000000013,0.0,0.0
2015-04-14,68.3871,0.575713,79.80519769727857,0.5756999999999977,0.0,0.0
2015-04-15,67.9228,-0.464285,81.01297468495059,-0.4643000000000086,0.0,0.0
2015-04-16,80.2928,12.37,76.78073760358097,12.370000000000005,0.0,0.0
2015-04-17,81.6499,1.3571,91.03750835805633,1.3571000000000026,0.0,0.0
2015-04-20,81.0556,-0.594285,91.67816583872029,-0.594300000000004,0.0,0.0
2015-04-21,80.0628,-0.992856,88.51171493658711,-0.9928000000000026,0.0,0.0
2015-04-22,79.6685,-0.394285,83.03581222517654,-0.3943000000000012,0.0,0.0
2015-04-23,79.8656,0.197142,80.76798403839997,0.19710000000000605,0.0,0.0
2015-04-24,79.7706,-0.094999,81.06351630107856,-0.09499999999999886,0.0,0.0
2015-04-27,80.8685,1.0979,80.38325230728998,1.0978999999999957,0.0,0.0
2015-04-28,80.4371,-0.431429,82.34058259475859,-0.43139999999999645,0.0,0.0
2015-04-29,80.4071,-0.03,78.80913966017748,-0.030000000000001137,0.0,0.0
2015-04-30,79.4999,-0.907141,78.54144419924047,-0.9072000000000031,0.0,0.0
2015-05-01,79.5756,0.075714,70.29045082981209,0.07569999999999766,0.0,0.0
2015-05-04,79.2713,-0.304286,70.58520941130402,-0.3042999999999978,0.0,0.0
2015-05-05,80.7928,1.5214,67.50890581850435,1.5215000000000032,0.0,0.0
2015-05-06,80.0771,-0.715713,73.9871439793387,-0.7156999999999982,0.0,0.0
2015-05-07,80.7485,0.671428,66.8238688832576,0.6714000000000055,0.0,0.0
2015-05-08,82.0856,1.3371,69.94377997244845,1.3370999999999924,0.0,0.0
2015-05-11,84.2778,2.1921,75.24258724518359,2.1921999999999997,0.0,0.0
2015-05-12,83.3771,-0.900714,81.38985297387647,-0.9007000000000005,0.0,0.0
2015-05-13,82.8728,-0.504285,72.89084542410491,-0.5043000000000006,0.0,0.0
2015-05-14,83.8356,0.962856,68.32561616523626,0.9628000000000014,0.0,0.0
2015-05-15,87.6071,3.7714,72.13400587949121,3.771500000000003,0.0,0.0
2015-05-18,88.2671,0.66,81.88435567385532,0.6599999999999966,0.0,0.0
2015-05-19,88.0685,-0.198572,83.06918757578336,-0.198599999999999,0.0,0.0
2015-05-20,88.7899,0.721428,81.24213805189191,0.7214000000000027,0.0,0.0
2015-05-21,89.0028,0.212857,82.81180515241712,0.21289999999999054,0.0,0.0
2015-05-22,88.8385,-0.164285,83.28349506764823,-0.16429999999999723,0.0,0.0
2015-05-26,87.9928,-0.845714,81.31515674320578,-0.8456999999999937,0.0,0.0
2015-05-27,89.8571,1.8643,71.38882882596567,1.8643,0.0,0.0
2015-05-28,89.5071,-0.35,78.11831734363169,-0.3500000000000085,0.0,0.0
2015-05-29,89.1513,-0.355714,74.36546143772222,-0.3557999999999879,0.0,0.0
2015-06-01,89.0028,-0.148571,70.4351812944727,-0.14850000000001273,0.0,0.0
2015-06-02,89.1299,0.127143,68.70198967591338,0.12710000000001287,0.0,0.0
2015-06-03,88.8085,-0.321428,69.43751224103129,-0.32140000000001123,0.0,0.0
2015-06-04,89.3485,0.539999,65.0225550111505,0.5400000000000063,0.0,0.0
2015-06-05,90.4599,1.1114,68.8279434920832,1.1114000000000033,0.0,0.0
2015-06-08,89.6042,-0.855714,75.17962414370548,-0.8556999999999988,0.0,0.0
2015-06-09,92.4499,2.8457,63.74951724723237,2.8456999999999937,0.0,0.0
2015-06-10,95.8713,3.4214,77.02515038856625,3.4214000000000055,0.0,0.0
2015-06-11,95.0942,-0.777142,84.7161277293035,-0.7771000000000043,0.0,0.0
2015-06-12,94.4185,-0.675714,77.9429256283882,-0.6757000000000062,0.0,0.0
2015-06-15,93.4313,-0.987142,72.20628771488602,-0.9872000000000014,0.0,0.0
2015-06-16,95.2728,1.8414,64.30441244434189,1.8415000000000106,0.0,0.0
2015-06-17,94.2713,-1.0014,71.05686042429105,-1.0015000000000072,0.0,0.0
2015-06-18,94.7428,0.471428,63.58155021131651,0.471500000000006,0.0,0.0
2015-06-19,93.8713,-0.871427,65.53244315980903,-0.8714999999999975,0.0,0.0
2015-06-22,96.4142,2.5429,58.870274407941544,2.542899999999989,0.0,0.0
2015-06-23,97.3128,0.898571,69.28414354425337,0.8986000000000018,0.0,0.0
2015-06-24,96.9442,-0.368571,72.13354172300059,-0.3686000000000007,0.0,0.0
2015-06-25,94.8913,-2.0529,69.12745310687787,-2.052899999999994,0.0,0.0
2015-06-26,93.0885,-1.8029,54.6341521346418,-1.8028000000000048,0.0,0.0
2015-06-29,92.2313,-0.857142,45.136063364930784,-0.8571999999999917,0.0,0.0
2015-06-30,93.8485,1.6171,41.240510244987554,1.6171999999999969,0.0,0.0
2015-07-01,93.6356,-0.212857,50.45947411105946,-0.21290000000000475,0.0,0.0
2015-07-02,94.0442,0.408571,49.29599460703027,0.40860000000000696,0.0,0.0
2015-07-06,94.5713,0.527142,51.73717730478012,0.5270999999999901,0.0,0.0
2015-07-07,94.0913,-0.48,54.93634123202085,-0.47999999999998977,0.0,0.0
2015-07-08,93.507,-0.584285,51.39131792060829,-0.5842999999999989,0.0,0.0
2015-07-09,95.727,2.22,47.15791678625416,2.219999999999999,0.0,0.0
2015-07-10,97.2285,1.5014,61.07972746816843,1.501499999999993,0.0,0.0
2015-07-13,101.087,3.8586,67.6643737910972,3.8585000000000065,0.0,0.0
2015-07-14,100.3713,-0.715714,78.39848493859259,-0.7156999999999982,0.0,0.0
2015-07-15,98.13,-2.2413,73.24429615476097,-2.2413000000000096,0.0,0.0
2015-07-16,115.81,17.68,59.29315749136655,17.680000000000007,0.0,0.0
2015-07-17,114.77,-1.04,85.0185914471903,-1.0400000000000063,0.0,0.0
2015-07-20,110.55,-4.22,81.55375851144026,-4.219999999999999,0.0,0.0
2015-07-21,112.51,1.96,68.59077014238049,1.960000000000008,0.0,0.0
2015-07-22,111.5,-1.01,71.03462740823302,-1.0100000000000051,0.0,0.0
2015-07-23,110.1,-1.4,67.92228009234513,-1.4000000000000057,0.0,0.0
2015-07-24,109.34,-0.76,63.513840147178,-0.7599999999999909,0.0,0.0
2015-07-27,106.43,-2.91,61.055320455549015,-2.9099999999999966,0.0,0.0
2015-07-28,106.9,0.47,52.211449212988306,0.46999999999999886,0.0,0.0
2015-07-29,107.08,0.18,53.45590731835404,0.1799999999999926,0.0,0.0
2015-07-30,111.56,4.48,53.98043154975852,4.480000000000004,0.0,0.0
2015-07-31,114.31,2.75,65.15126274758023,2.75,0.0,0.0
2015-08-03,112.56,-1.75,70.22213960186737,-1.75,0.0,0.0
2015-08-04,121.15,8.59,63.501966020840435,8.590000000000003,0.0,0.0
2015-08-05,123.71,2.56,76.25141152862044,2.559999999999988,0.0,0.0
2015-08-06,126.45,2.74,78.77650509695152,2.740000000000009,0.0,0.0
2015-08-07,123.52,-2.93,81.21913569553553,-2.930000000000007,0.0,0.0
2015-08-10,123.03,-0.49,71.2040515554721,-0.4899999999999949,0.0,0.0
2015-08-11,122.74,-0.29,69.56457658248978,-0.29000000000000625,0.0,0.0
2015-08-12,120.51,-2.23,68.49780701462431,-2.2299999999999898,0.0,0.0
2015-08-13,123.73,3.22,60.36292002015282,3.219999999999999,0.0,0.0
2015-08-14,123.39,-0.34,66.85815033457968,-0.3400000000000034,0.0,0.0
2015-08-17,125.36,1.97,65.56169351094795,1.9699999999999989,0.0,0.0
2015-08-18,124.05,-1.31,69.48055239664659,-1.3100000000000023,0.0,0.0
2015-08-19,122.06,-1.99,63.950153629499674,-1.9899999999999949,0.0,0.0
2015-08-20,112.49,-9.57,56.18598575591861,-9.570000000000007,0.0,0.0
2015-08-21,103.96,-8.53,33.69931359681827,-8.530000000000001,0.0,0.0
2015-08-24,96.88,-7.08,23.939503572966842,-7.079999999999998,0.0,0.0
2015-08-25,101.52,4.64,18.78014768864007,4.640000000000001,0.0,0.0
2015-08-26,110.13,8.61,30.068484419051018,8.61,0.0,0.0
2015-08-27,117.66,7.53,45.98814973986786,7.530000000000001,0.0,0.0
2015-08-28,117.63,-0.03,55.9996825377288,-0.030000000000001137,0.0,0.0
2015-08-31,115.03,-2.6,55.95246004257171,-2.5999999999999943,0.0,0.0
2015-09-01,105.79,-9.24,51.639371682990166,-9.239999999999995,0.0,0.0
2015-09-02,105.44,-0.35,39.326809123800686,-0.3500000000000085,0.0,0.0
2015-09-03,101.06,-4.38,38.925032646779336,-4.3799999999999955,0.0,0.0
2015-09-04,98.79,-2.27,33.96259886308245,-2.269999999999996,0.0,0.0
2015-09-08,94.95,-3.84,31.5781086326823,-3.8400000000000034,0.0,0.0
2015-09-09,99.18,4.23,27.804116079332346,4.230000000000004,0.0,0.0
2015-09-10,99.48,0.3,37.245976774345245,0.29999999999999716,0.0,0.0
2015-09-11,97.51,-1.97,37.904210511662924,-1.9699999999999989,0.0,0.0
2015-09-14,95.69,-1.82,35.13819311272327,-1.8200000000000074,0.0,0.0
2015-09-15,99.16,3.47,32.62452058066059,3.469999999999999,0.0,0.0
2015-09-16,104.08,4.92,41.710461794506436,4.920000000000002,0.0,0.0
2015-09-17,104.21,0.13,52.163746673023375,0.12999999999999545,0.0,0.0
2015-09-18,102.62,-1.59,52.42140488119194,-1.5899999999999892,0.0,0.0
2015-09-21,100.3,-2.32,48.7509835033402,-2.3200000000000074,0.0,0.0
2015-09-22,98.47,-1.83,43.6539906085167,-1.8299999999999983,0.0,0.0
2015-09-23,98.07,-0.4,39.89394840100101,-0.4000000000000057,0.0,0.0
2015-09-24,103.76,5.69,39.05365433638103,5.690000000000012,0.0,0.0
2015-09-25,102.24,-1.52,54.59989412337086,-1.5200000000000102,0.0,0.0
2015-09-28,99.47,-2.77,50.655101731129626,-2.769999999999996,0.0,0.0
2015-09-29,98.35,-1.12,44.029779706298676,-1.1200000000000045,0.0,0.0
2015-09-30,103.26,4.91,41.52035015395799,4.910000000000011,0.0,0.0
2015-10-01,105.98,2.72,54.510055946693605,2.719999999999999,0.0,0.0
2015-10-02,106.11,0.13,60.11853399350609,0.12999999999999545,0.0,0.0
2015-10-05,111.25,5.14,60.385313362931676,5.140000000000001,0.0,0.0
2015-10-06,108.33,-2.92,69.58024578717813,-2.9200000000000017,0.0,0.0
2015-10-07,108.1,-0.23,60.46792386896538,-0.23000000000000398,0.0,0.0
2015-10-08,114.93,6.83,59.7633685539584,6.8300000000000125,0.0,0.0
2015-10-09,113.33,-1.6,71.16552322026436,-1.6000000000000085,0.0,0.0
2015-10-12,113.45,0.12,66.14709931914693,0.12000000000000455,0.0,0.0
2015-10-13,109.73,-3.72,66.35048934872302,-3.719999999999999,0.0,0.0
2015-10-14,110.23,0.5,54.7059574137078,0.5,0.0,0.0
2015-10-15,101.09,-9.14,55.8949662341832,-9.14,0.0,0.0
2015-10-16,98.99,-2.1,36.0980992414945,-2.1000000000000085,0.0,0.0
2015-10-19,101.69,2.7,33.02658532969113,2.700000000000003,0.0,0.0
2015-10-20,98.99,-2.7,40.46951612819263,-2.700000000000003,0.0,0.0
2015-10-21,97.96,-1.03,35.90878754530662,-1.0300000000000011,0.0,0.0
2015-10-22,97.32,-0.64,34.227113216908904,-0.6400000000000006,0.0,0.0
2015-10-23,100.04,2.72,33.12547752816033,2.720000000000013,0.0,0.0
2015-10-26,103.04,3.0,42.16668957324376,3.0,0.0,0.0
2015-10-27,103.07,0.03,50.587387276908,0.029999999999986926,0.0,0.0
2015-10-28,105.8,2.73,50.669474905511834,2.730000000000004,0.0,0.0
2015-10-29,105.12,-0.68,57.936813578668584,-0.6799999999999926,0.0,0.0
2015-10-30,108.38,3.26,55.604907798119385,3.259999999999991,0.0,0.0
2015-11-02,107.64,-0.74,63.62622064877417,-0.7399999999999949,0.0,0.0
2015-11-03,109.74,2.1,60.77744029937146,2.0999999999999943,0.0,0.0
2015-11-04,114.05,4.31,65.75082920265342,4.310000000000002,0.0,0.0
2015-11-05,113.5,-0.55,73.6020419403954,-0.5499999999999972,0.0,0.0
2015-11-06,114.06,0.56,71.22097309087708,0.5600000000000023,0.0,0.0
2015-11-09,109.86,-4.2,72.26503672687862,-4.200000000000003,0.0,0.0
2015-11-10,112.7,2.84,55.123767768040985,2.8400000000000034,0.0,0.0
2015-11-11,112.86,0.16,62.07553471719539,0.1599999999999966,0.0,0.0
2015-11-12,108.92,-3.94,62.45006043884843,-3.9399999999999977,0.0,0.0
2015-11-13,103.65,-5.27,48.86826243797301,-5.269999999999996,0.0,0.0
2015-11-16,111.35,7.7,36.67540148572859,7.699999999999989,0.0,0.0
2015-11-17,117.1,5.75,55.299133759170125,5.75,0.0,0.0
2015-11-18,120.63,3.53,64.2677213397296,3.530000000000001,0.0,0.0
2015-11-19,120.22,-0.41,68.6770242604512,-0.4099999999999966,0.0,0.0
2015-11-20,123.84,3.62,67.57023295618717,3.6200000000000045,0.0,0.0
2015-11-23,125.03,1.19,72.1062783566999,1.1899999999999977,0.0,0.0
2015-11-24,123.31,-1.72,73.49888373766623,-1.7199999999999989,0.0,0.0
2015-11-25,124.16,0.85,67.89924530159169,0.8499999999999943,0.0,0.0
2015-11-27,125.44,1.28,69.22352740695972,1.2800000000000011,0.0,0.0
2015-11-30,123.33,-2.11,71.26375350612469,-2.1099999999999994,0.0,0.0
2015-12-01,125.37,2.04,63.351814224605356,2.0400000000000063,0.0,0.0
2015-12-02,128.93,3.56,67.3563536673943,3.5600000000000023,0.0,0.0
2015-12-03,126.81,-2.12,73.19737953420824,-2.1200000000000045,0.0,0.0
2015-12-04,130.93,4.12,65.25122601135263,4.1200000000000045,0.0,0.0
2015-12-07,125.36,-5.57,72.0018517234376,-5.570000000000007,0.0,0.0
2015-12-08,126.98,1.62,55.37917524125217,1.6200000000000045,0.0,0.0
2015-12-09,124.2,-2.78,58.559245445378075,-2.780000000000001,0.0,0.0
2015-12-10,122.91,-1.29,51.37802514939787,-1.2900000000000063,0.0,0.0
2015-12-11,118.91,-4.0,48.240742670021994,-4.0,0.0,0.0
2015-12-14,120.67,1.76,39.65892337741441,1.7600000000000051,0.0,0.0
2015-12-15,118.6,-2.07,44.61357724344029,-2.0700000000000074,0.0,0.0
2015-12-16,122.64,4.04,40.179029525268554,4.040000000000006,0.0,0.0
2015-12-17,122.51,-0.13,51.03504822316839,-0.12999999999999545,0.0,0.0
2015-12-18,118.02,-4.49,50.696710174355836,-4.490000000000009,0.0,0.0
2015-12-21,116.63,-1.39,40.18177951873632,-1.3900000000000006,0.0,0.0
2015-12-22,116.24,-0.39,37.43475794260094,-0.39000000000000057,0.0,0.0
2015-12-23,118.16,1.92,36.63172741260959,1.9200000000000017,0.0,0.0
2015-12-24,117.33,-0.83,43.456220951830495,-0.8299999999999983,0.0,0.0
2015-12-28,117.11,-0.22,41.26086139388153,-0.21999999999999886,0.0,0.0
2015-12-29,119.12,2.01,40.63894407129451,2.010000000000005,0.0,0.0
2015-12-30,116.71,-2.41,48.710996081768634,-2.410000000000011,0.0,0.0
2015-12-31,114.38,-2.33,41.06005596258046,-2.3299999999999983,0.0,0.0
2016-01-04,109.96,-4.42,34.98797652732989,-4.420000000000002,0.0,0.0
2016-01-05,107.66,-2.3,26.493812234204484,-2.299999999999997,0.0,0.0
2016-01-06,117.68,10.02,23.151288424706124,10.02000000000001,0.0,0.0
2016-01-07,114.56,-3.12,52.79991871027849,-3.1200000000000045,0.0,0.0
2016-01-08,111.39,-3.17,46.42597922303068,-3.1700000000000017,0.0,0.0
2016-01-11,114.97,3.58,40.718284118947,3.5799999999999983,0.0,0.0
2016-01-12,116.58,1.61,48.8367428788715,1.6099999999999994,0.0,0.0
2016-01-13,106.56,-10.02,52.2011248436016,-10.019999999999996,0.0,0.0
2016-01-14,107.06,0.5,35.56626452540459,0.5,0.0,0.0
2016-01-15,104.04,-3.02,36.71633680932341,-3.019999999999996,0.0,0.0
2016-01-19,107.89,3.85,32.688798573262716,3.8499999999999943,0.0,0.0
2016-01-20,107.74,-0.15,41.964003365612285,-0.15000000000000568,0.0,0.0
2016-01-21,102.35,-5.39,41.70809821372005,-5.390000000000001,0.0,0.0
2016-01-22,100.72,-1.63,33.354924224172606,-1.6299999999999955,0.0,0.0
2016-01-25,99.12,-1.6,31.19561203313721,-1.5999999999999943,0.0,0.0
2016-01-26,97.83,-1.29,29.083456824422797,-1.2900000000000063,0.0,0.0
2016-01-27,91.15,-6.68,27.37557712544485,-6.679999999999993,0.0,0.0
2016-01-28,94.41,3.26,20.315403239679938,3.259999999999991,0.0,0.0
2016-01-29,91.84,-2.57,30.336000398569993,-2.569999999999993,0.0,0.0
2016-02-01,94.09,2.25,27.248740912009552,2.25,0.0,0.0
2016-02-02,91.49,-2.6,33.97206251296819,-2.6000000000000085,0.0,0.0
2016-02-03,90.74,-0.75,30.27686958030671,-0.75,0.0,0.0
2016-02-04,89.71,-1.03,29.228762872655906,-1.0300000000000011,0.0,0.0
2016-02-05,82.79,-6.92,27.72251954228642,-6.9199999999999875,0.0,0.0
2016-02-08,83.32,0.53,19.863073077500374,0.5299999999999869,0.0,0.0
2016-02-09,86.13,2.81,21.803547989724308,2.8100000000000023,0.0,0.0
2016-02-10,88.45,2.32,31.808760751542806,2.3200000000000074,0.0,0.0
2016-02-11,86.35,-2.1,39.154588261293256,-2.1000000000000085,0.0,0.0
2016-02-12,87.4,1.05,35.22874812602328,1.0500000000000114,0.0,0.0
2016-02-16,89.05,1.65,38.73867666555835,1.6499999999999915,0.0,0.0
2016-02-17,94.76,5.71,44.171875672301326,5.710000000000008,0.0,0.0
2016-02-18,90.49,-4.27,58.669182858720255,-4.27000000000001,0.0,0.0
2016-02-19,89.23,-1.26,48.013498044541485,-1.259999999999991,0.0,0.0
2016-02-22,91.93,2.7,45.24240188268206,2.700000000000003,0.0,0.0
2016-02-23,89.12,-2.81,52.02352665825012,-2.8100000000000023,0.0,0.0
2016-02-24,91.61,2.49,45.3444559135521,2.489999999999995,0.0,0.0
2016-02-25,94.53,2.92,51.633003447093394,2.9200000000000017,0.0,0.0
2016-02-26,94.79,0.26,58.09488011520235,0.2600000000000051,0.0,0.0
2016-02-29,93.41,-1.38,58.65695534279472,-1.3800000000000097,0.0,0.0
2016-03-01,98.3,4.89,54.243556287237666,4.890000000000001,0.0,0.0
2016-03-02,97.61,-0.69,64.92958441644305,-0.6899999999999977,0.0,0.0
2016-03-03,97.93,0.32,62.5729989297627,0.3200000000000074,0.0,0.0
2016-03-04,101.58,3.65,63.27938696255228,3.6499999999999915,0.0,0.0
2016-03-07,95.49,-6.09,70.52998050261456,-6.090000000000003,0.0,0.0
2016-03-08,96.23,0.74,51.23814951196378,0.7400000000000091,0.0,0.0
2016-03-09,98.0,1.77,53.022562526249104,1.769999999999996,0.0,0.0
2016-03-10,97.36,-0.64,57.29456814393412,-0.6400000000000006,0.0,0.0
2016-03-11,97.66,0.3,55.21949422914309,0.29999999999999716,0.0,0.0
2016-03-14,98.13,0.47,56.07180255553566,0.46999999999999886,0.0,0.0
2016-03-15,97.86,-0.27,57.51946163662451,-0.269999999999996,0.0,0.0
2016-03-16,99.35,1.49,56.30131572046543,1.4899999999999949,0.0,0.0
2016-03-17,99.72,0.37,61.45028315099621,0.37000000000000455,0.0,0.0
2016-03-18,101.12,1.4,62.69765328306648,1.4000000000000057,0.0,0.0
2016-03-21,101.06,-0.06,67.2764634659944,-0.060000000000002274,0.0,0.0
2016-03-22,99.84,-1.22,66.87440282186267,-1.2199999999999989,0.0,0.0
2016-03-23,99.59,-0.25,58.719623715978095,-0.25,0.0,0.0
2016-03-24,98.36,-1.23,57.08928072430924,-1.230000000000004,0.0,0.0
2016-03-28,101.21,2.85,49.38015366178018,2.8499999999999943,0.0,0.0
2016-03-29,104.13,2.92,62.7133821084875,2.9200000000000017,0.0,0.0
2016-03-30,102.19,-1.94,71.50259139097986,-1.9399999999999977,0.0,0.0
2016-03-31,102.23,0.04,60.64777437120646,0.04000000000000625,0.0,0.0
2016-04-01,105.7,3.47,60.7880458642242,3.469999999999999,0.0,0.0
2016-04-04,104.35,-1.35,71.02698988171468,-1.3500000000000085,0.0,0.0
2016-04-05,104.94,0.59,63.63854306519373,0.5900000000000034,0.0,0.0
2016-04-06,104.83,-0.11,65.4344483339693,-0.10999999999999943,0.0,0.0
2016-04-07,104.45,-0.38,64.75299731566344,-0.37999999999999545,0.0,0.0
2016-04-08,103.81,-0.64,62.195755453323606,-0.6400000000000006,0.0,0.0
2016-04-11,102.68,-1.13,57.80193194723225,-1.1299999999999955,0.0,0.0
2016-04-12,106.98,4.3,50.59021311879578,4.299999999999997,0.0,0.0
2016-04-13,109.65,2.67,67.9697634823157,2.6700000000000017,0.0,0.0
2016-04-14,110.42,0.77,74.36779383430644,0.769999999999996,0.0,0.0
2016-04-15,111.51,1.09,75.95105852589651,1.0900000000000034,0.0,0.0
2016-04-18,108.4,-3.11,78.13593170817373,-3.1099999999999994,0.0,0.0
2016-04-19,94.34,-14.06,60.27851442292861,-14.060000000000002,0.0,0.0
2016-04-20,96.77,2.43,27.640262374776697,2.4299999999999926,0.0,0.0
2016-04-21,94.98,-1.79,34.631379400906695,-1.789999999999992,0.0,0.0
2016-04-22,95.9,0.92,32.026443693437145,0.9200000000000017,0.0,0.0
2016-04-25,93.56,-2.34,34.902632478042904,-2.3400000000000034,0.0,0.0
2016-04-26,92.43,-1.13,31.079875861802662,-1.1299999999999955,0.0,0.0
2016-04-27,91.04,-1.39,29.30828510730538,-1.3900000000000006,0.0,0.0
2016-04-28,90.28,-0.76,27.133954747986124,-0.7600000000000051,0.0,0.0
2016-04-29,90.03,-0.25,25.931804897935905,-0.25,0.0,0.0
2016-05-02,93.11,3.08,25.506967536368805,3.0799999999999983,0.0,0.0
2016-05-03,91.54,-1.57,39.46956995487321,-1.5699999999999932,0.0,0.0
2016-05-04,90.79,-0.75,35.58406748015547,-0.75,0.0,0.0
2016-05-05,89.37,-1.42,33.769143658510814,-1.4200000000000017,0.0,0.0
2016-05-06,90.84,1.47,30.412717705143365,1.4699999999999989,0.0,0.0
2016-05-09,90.54,-0.3,37.73463016668332,-0.29999999999999716,0.0,0.0
2016-05-10,92.89,2.35,36.83076984814122,2.3499999999999943,0.0,0.0
2016-05-11,90.02,-2.87,47.98476268489408,-2.8700000000000045,0.0,0.0
2016-05-12,87.74,-2.28,38.49710809886795,-2.280000000000001,0.0,0.0
2016-05-13,87.88,0.14,32.63808648705974,0.14000000000000057,0.0,0.0
2016-05-16,89.12,1.24,33.34992709267004,1.240000000000009,0.0,0.0
2016-05-17,88.63,-0.49,39.79042576543873,-0.4900000000000091,0.0,0.0
2016-05-18,90.5,1.87,38.126580027056946,1.8700000000000045,0.0,0.0
2016-05-19,89.55,-0.95,47.670346519125,-0.9500000000000028,0.0,0.0
2016-05-20,92.49,2.94,43.75212670123044,2.9399999999999977,0.0,0.0
2016-05-23,94.89,2.4,56.4208966623143,2.4000000000000057,0.0,0.0
2016-05-24,97.89,3.0,63.988025609037145,3.0,0.0,0.0
2016-05-25,100.2,2.31,71.14561296627863,2.3100000000000023,0.0,0.0
2016-05-26,102.81,2.61,75.44109069820368,2.6099999999999994,0.0,0.0
2016-05-27,103.3,0.49,79.40085463412369,0.4899999999999949,0.0,0.0
2016-05-31,102.57,-0.73,80.0896445093003,-0.730000000000004,0.0,0.0
2016-06-01,101.51,-1.06,75.77559021054955,-1.059999999999988,0.0,0.0
2016-06-02,101.25,-0.26,69.55787930058995,-0.2600000000000051,0.0,0.0
2016-06-03,99.59,-1.66,67.99390148158525,-1.6599999999999966,0.0,0.0
2016-06-06,100.74,1.15,58.41083770238535,1.1499999999999915,0.0,0.0
2016-06-07,99.89,-0.85,62.585800188234266,-0.8499999999999943,0.0,0.0
2016-06-08,97.86,-2.03,57.69350803457777,-2.030000000000001,0.0,0.0
2016-06-09,97.09,-0.77,47.548691374494126,-0.769999999999996,0.0,0.0
2016-06-10,93.75,-3.34,44.1809485038138,-3.3400000000000034,0.0,0.0
2016-06-13,93.85,0.1,32.69964724055201,0.09999999999999432,0.0,0.0
2016-06-14,94.12,0.27,33.29281044313581,0.27000000000001023,0.0,0.0
2016-06-15,94.29,0.17,35.05897716069656,0.1700000000000017,0.0,0.0
2016-06-16,95.44,1.15,36.27308990655051,1.1499999999999915,0.0,0.0
2016-06-17,94.45,-0.99,44.32082304294844,-0.9899999999999949,0.0,0.0
2016-06-20,93.8,-0.65,39.42273329615817,-0.6500000000000057,0.0,0.0
2016-06-21,90.99,-2.81,36.403914044329355,-2.8100000000000023,0.0,0.0
2016-06-22,90.01,-0.98,26.411534468467764,-0.9799999999999898,0.0,0.0
2016-06-23,91.66,1.65,23.806961574472524,1.6499999999999915,0.0,0.0
2016-06-24,88.44,-3.22,35.95903925050119,-3.219999999999999,0.0,0.0
2016-06-27,85.33,-3.11,26.524089310968094,-3.1099999999999994,0.0,0.0
2016-06-28,87.97,2.64,20.567374151480223,2.6400000000000006,0.0,0.0
2016-06-29,91.06,3.09,34.777536373154405,3.0900000000000034,0.0,0.0
2016-06-30,91.48,0.42,47.371621050823116,0.4200000000000017,0.0,0.0
2016-07-01,96.67,5.19,48.904249730890186,5.189999999999998,0.0,0.0
2016-07-05,97.91,1.24,63.79448838127895,1.2399999999999949,0.0,0.0
2016-07-06,94.6,-3.31,66.46310395857574,-3.3100000000000023,0.0,0.0
2016-07-07,95.1,0.5,54.2618565759169,0.5,0.0,0.0
2016-07-08,97.06,1.96,55.666887218695265,1.960000000000008,0.0,0.0
2016-07-11,94.67,-2.39,61.02998647382771,-2.3900000000000006,0.0,0.0
2016-07-12,95.97,1.3,52.225500669957476,1.2999999999999972,0.0,0.0
2016-07-13,96.43,0.46,56.15733381166406,0.46000000000000796,0.0,0.0
2016-07-14,98.02,1.59,57.56949276717111,1.5899999999999892,0.0,0.0
2016-07-15,98.39,0.37,62.358884425687144,0.37000000000000455,0.0,0.0
2016-07-18,98.81,0.42,63.45590773476474,0.4200000000000017,0.0,0.0
2016-07-19,85.84,-12.97,64.78725917581119,-12.969999999999999,0.0,0.0
2016-07-20,87.91,2.07,28.34392304088854,2.069999999999993,0.0,0.0
2016-07-21,85.99,-1.92,35.01176890150374,-1.9200000000000017,0.0,0.0
2016-07-22,85.89,-0.1,31.868266511879085,-0.09999999999999432,0.0,0.0
2016-07-25,87.66,1.77,31.698858446694118,1.769999999999996,0.0,0.0
2016-07-26,91.41,3.75,38.330365415286884,3.75,0.0,0.0
2016-07-27,92.04,0.63,50.06871324906332,0.6300000000000097,0.0,0.0
2016-07-28,91.65,-0.39,51.82915278251763,-0.39000000000000057,0.0,0.0
2016-07-29,91.25,-0.4,50.56779475983562,-0.4000000000000057,0.0,0.0
2016-08-01,94.37,3.12,49.16527161104063,3.1200000000000045,0.0,0.0
2016-08-02,93.56,-0.81,59.24229552323697,-0.8100000000000023,0.0,0.0
2016-08-03,93.1,-0.46,55.95146429160213,-0.46000000000000796,0.0,0.0
2016-08-04,93.44,0.34,54.0044547601718,0.3400000000000034,0.0,0.0
2016-08-05,97.03,3.59,55.31787431778917,3.5900000000000034,0.0,0.0
2016-08-08,95.11,-1.92,66.76881204317239,-1.9200000000000017,0.0,0.0
2016-08-09,93.99,-1.12,57.72646956595607,-1.1200000000000045,0.0,0.0
2016-08-10,93.93,-0.06,52.946215632323586,-0.05999999999998806,0.0,0.0
2016-08-11,95.89,1.96,52.6791366007274,1.9599999999999937,0.0,0.0
2016-08-12,96.59,0.7,60.178425206538755,0.7000000000000028,0.0,0.0
2016-08-15,95.31,-1.28,62.59777551120235,-1.2800000000000011,0.0,0.0
2016-08-16,95.12,-0.19,55.54544508024555,-0.18999999999999773,0.0,0.0
2016-08-17,96.37,1.25,54.50376152927629,1.25,0.0,0.0
2016-08-18,96.16,-0.21,60.12618444516065,-0.21000000000000796,0.0,0.0
2016-08-19,95.87,-0.29,58.73261509681577,-0.28999999999999204,0.0,0.0
2016-08-22,95.26,-0.61,56.6600299081441,-0.6099999999999994,0.0,0.0
2016-08-23,95.94,0.68,52.22933983312141,0.6799999999999926,0.0,0.0
2016-08-24,95.18,-0.76,56.55729231295327,-0.7599999999999909,0.0,0.0
2016-08-25,97.32,2.14,50.69118127932204,2.1399999999999864,0.0,0.0
2016-08-26,97.58,0.26,63.030631916113656,0.2600000000000051,0.0,0.0
2016-08-29,97.3,-0.28,64.27208530121646,-0.28000000000000114,0.0,0.0
2016-08-30,97.45,0.15,61.72115233745807,0.15000000000000568,0.0,0.0
2016-08-31,97.45,0.0,62.62925221666565,0.0,0.0,0.0
2016-09-01,97.38,-0.07,62.62925221666565,-0.07000000000000739,0.0,0.0
2016-09-02,97.38,0.0,61.736547607915846,0.0,0.0,0.0
2016-09-06,100.09,2.71,61.73654760791584,2.710000000000008,0.0,0.0
2016-09-07,99.15,-0.94,77.76352529271021,-0.9399999999999977,0.0,0.0
2016-09-08,99.66,0.51,66.6901573329955,0.5099999999999909,0.0,0.0
2016-09-09,96.5,-3.16,69.39264580332926,-3.1599999999999966,0.0,0.0
2016-09-12,99.05,2.55,44.072440526474814,2.549999999999997,0.0,0.0
2016-09-13,96.09,-2.96,58.154048943825295,-2.9599999999999937,0.0,0.0
2016-09-14,97.01,0.92,43.59315159266694,0.9200000000000017,0.0,0.0
2016-09-15,97.34,0.33,48.20021513199377,0.3299999999999983,0.0,0.0
2016-09-16,99.48,2.14,49.878383367828846,2.1400000000000006,0.0,0.0
2016-09-19,98.06,-1.42,59.58272992275232,-1.4200000000000017,0.0,0.0
2016-09-20,98.25,0.19,51.95439064445046,0.18999999999999773,0.0,0.0
2016-09-21,94.88,-3.37,52.876962253440205,-3.3700000000000045,0.0,0.0
2016-09-22,95.83,0.95,38.061860470910865,0.9500000000000028,0.0,0.0
2016-09-23,95.94,0.11,43.18987815714152,0.10999999999999943,0.0,0.0
2016-09-26,94.56,-1.38,43.80554511740129,-1.3799999999999955,0.0,0.0
2016-09-27,97.07,2.51,37.914365458742424,2.509999999999991,0.0,0.0
2016-09-28,97.48,0.41,51.478546124473844,0.4100000000000108,0.0,0.0
2016-09-29,96.67,-0.81,53.37996213143754,-0.8100000000000023,0.0,0.0
2016-09-30,98.55,1.88,49.040909065993816,1.8799999999999955,0.0,0.0
2016-10-03,102.63,4.08,58.079623266098466,4.079999999999998,0.0,0.0
2016-10-04,102.34,-0.29,70.8871232715569,-0.28999999999999204,0.0,0.0
2016-10-05,106.28,3.94,69.17044257374093,3.9399999999999977,0.0,0.0
2016-10-06,105.07,-1.21,77.59514373681924,-1.210000000000008,0.0,0.0
2016-10-07,104.82,-0.25,70.80423998285389,-0.25,0.0,0.0
2016-10-10,103.33,-1.49,69.37068096691621,-1.4899999999999949,0.0,0.0
2016-10-11,100.59,-2.74,60.96326158108582,-2.739999999999995,0.0,0.0
2016-10-12,99.5,-1.09,48.58759958880731,-1.0900000000000034,0.0,0.0
2016-10-13,100.23,0.73,44.48220907586358,0.730000000000004,0.0,0.0
2016-10-14,101.47,1.24,47.854566676807146,1.2399999999999949,0.0,0.0
2016-10-17,99.8,-1.67,53.355004626822506,-1.6700000000000017,0.0,0.0
2016-10-18,118.79,18.99,45.902473323541834,18.99000000000001,0.0,0.0
2016-10-19,121.87,3.08,80.7839027985155,3.0799999999999983,0.0,0.0
2016-10-20,123.35,1.48,82.83538869929447,1.4799999999999898,0.0,0.0
2016-10-21,127.5,4.15,83.78598654268339,4.150000000000006,0.0,0.0
2016-10-24,127.33,-0.17,86.2298639236659,-0.1700000000000017,0.0,0.0
2016-10-25,126.51,-0.82,85.6256571746407,-0.8199999999999932,0.0,0.0
2016-10-26,126.97,0.46,82.44124489150585,0.45999999999999375,0.0,0.0
2016-10-27,126.47,-0.5,82.85014916186455,-0.5,0.0,0.0
2016-10-28,126.57,0.1,80.52077116147362,0.09999999999999432,0.0,0.0
2016-10-31,124.87,-1.7,80.64515339501196,-1.6999999999999886,0.0,0.0
2016-11-01,123.3,-1.57,71.74460604187634,-1.5700000000000074,0.0,0.0
2016-11-02,122.34,-0.96,64.25918345328827,-0.9599999999999937,0.0,0.0
2016-11-03,122.14,-0.2,59.89239384969112,-0.20000000000000284,0.0,0.0
2016-11-04,122.03,-0.11,58.93876624257725,-0.10999999999999943,0.0,0.0
2016-11-07,124.58,2.55,58.3547326022229,2.549999999999997,0.0,0.0
2016-11-08,124.34,-0.24,67.01439117481888,-0.23999999999999488,0.0,0.0
2016-11-09,122.19,-2.15,65.54830470273043,-2.1500000000000057,0.0,0.0
2016-11-10,115.42,-6.77,53.55337919835342,-6.769999999999996,0.0,0.0
2016-11-11,114.78,-0.64,32.289586476924356,-0.6400000000000006,0.0,0.0
2016-11-14,113.38,-1.4,30.961403992089416,-1.4000000000000057,0.0,0.0
2016-11-15,113.59,0.21,28.074409805693733,0.21000000000000796,0.0,0.0
2016-11-16,115.19,1.6,29.206040380724673,1.5999999999999943,0.0,0.0
2016-11-17,115.03,-0.16,37.73606764400583,-0.1599999999999966,0.0,0.0
2016-11-18,115.21,0.18,37.223485819101356,0.1799999999999926,0.0,0.0
2016-11-21,117.96,2.75,38.30101502427027,2.75,0.0,0.0
2016-11-22,118.04,0.08,52.52821790065504,0.0800000000000125,0.0,0.0
2016-11-23,117.69,-0.35,52.889386104004096,-0.3500000000000085,0.0,0.0
2016-11-25,117.41,-0.28,50.951187450386335,-0.28000000000000114,0.0,0.0
2016-11-28,116.93,-0.48,49.29940306580621,-0.47999999999998977,0.0,0.0
2016-11-29,117.51,0.58,46.355168779588716,0.5799999999999983,0.0,0.0
2016-11-30,117.0,-0.51,50.44231712129004,-0.5100000000000051,0.0,0.0
2016-12-01,117.22,0.22,46.85490164464341,0.21999999999999886,0.0,0.0
2016-12-02,120.81,3.59,48.655132249111254,3.5900000000000034,0.0,0.0
2016-12-05,119.16,-1.65,68.5333978563222,-1.6500000000000057,0.0,0.0
2016-12-06,124.57,5.41,56.951758646662384,5.409999999999997,0.0,0.0
2016-12-07,125.39,0.82,73.64253819297534,0.8200000000000074,0.0,0.0
2016-12-08,123.24,-2.15,75.30137089972925,-2.1500000000000057,0.0,0.0
2016-12-09,122.88,-0.36,63.35360069075364,-0.35999999999999943,0.0,0.0
2016-12-12,122.83,-0.05,61.48670027169307,-0.04999999999999716,0.0,0.0
2016-12-13,123.78,0.95,61.20043818521257,0.9500000000000028,0.0,0.0
2016-12-14,123.44,-0.34,64.76273711092941,-0.3400000000000034,0.0,0.0
2016-12-15,125.0,1.56,62.41869462157861,1.5600000000000023,0.0,0.0
2016-12-16,124.22,-0.78,68.41355023665113,-0.7800000000000011,0.0,0.0
2016-12-19,125.45,1.23,62.698428647089365,1.230000000000004,0.0,0.0
2016-12-20,125.12,-0.33,67.5794057754683,-0.3299999999999983,0.0,0.0
2016-12-21,126.5,1.38,64.97258850097656,1.3799999999999955,0.0,0.0
2016-12-22,125.58,-0.92,70.42488809600795,-0.9200000000000017,0.0,0.0
2016-12-23,125.59,0.01,62.95825152100776,0.010000000000005116,0.0,0.0
2016-12-27,128.35,2.76,63.00697326592934,2.759999999999991,0.0,0.0
2016-12-28,125.89,-2.46,73.85447540490414,-2.4599999999999937,0.0,0.0
2016-12-29,125.33,-0.56,56.86822496484974,-0.5600000000000023,0.0,0.0
2016-12-30,123.8,-1.53,53.657549515878095,-1.5300000000000011,0.0,0.0
2017-01-03,127.49,3.69,45.616007167641904,3.6899999999999977,0.0,0.0
2017-01-04,129.41,1.92,61.51389325308759,1.9200000000000017,0.0,0.0
2017-01-05,131.81,2.4,67.21333527278503,2.4000000000000057,0.0,0.0
2017-01-06,131.07,-0.74,72.93843687541315,-0.7400000000000091,0.0,0.0
2017-01-09,130.95,-0.12,68.71056421267056,-0.12000000000000455,0.0,0.0
2017-01-10,129.89,-1.06,67.98028339903887,-1.0600000000000023,0.0,0.0
2017-01-11,130.5,0.61,61.39306232570463,0.6100000000000136,0.0,0.0
2017-01-12,129.18,-1.32,63.706030489258524,-1.3199999999999932,0.0,0.0
2017-01-13,133.7,4.52,55.485170221251636,4.519999999999982,0.0,0.0
2017-01-17,132.89,-0.81,70.42208100753227,-0.8100000000000023,0.0,0.0
2017-01-18,133.26,0.37,65.89374356062615,0.37000000000000455,0.0,0.0
2017-01-19,138.41,5.15,67.0014716093427,5.150000000000006,0.0,0.0
2017-01-20,138.6,0.19,78.2424914487839,0.18999999999999773,0.0,0.0
2017-01-23,137.39,-1.21,78.55057262471996,-1.210000000000008,0.0,0.0
2017-01-24,140.11,2.72,71.21167364563516,2.7200000000000273,0.0,0.0
2017-01-25,139.52,-0.59,76.7840816011087,-0.5900000000000034,0.0,0.0
2017-01-26,138.96,-0.56,73.26833270056457,-0.5600000000000023,0.0,0.0
2017-01-27,142.45,3.49,69.80145065121597,3.4899999999999807,0.0,0.0
2017-01-30,141.22,-1.23,77.41349275315383,-1.2299999999999898,0.0,0.0
2017-01-31,140.71,-0.51,70.27826614740941,-0.5099999999999909,0.0,0.0
2017-02-01,140.78,0.07,67.3372105059938,0.06999999999999318,0.0,0.0
2017-02-02,139.2,-1.58,67.5502272164018,-1.5800000000000125,0.0,0.0
2017-02-03,140.25,1.05,57.8225598833122,1.0500000000000114,0.0,0.0
2017-02-06,140.97,0.72,61.98079538535403,0.7199999999999989,0.0,0.0
2017-02-07,144.0,3.03,64.70754860218995,3.030000000000001,0.0,0.0
2017-02-08,144.74,0.74,73.75910915353474,0.7400000000000091,0.0,0.0
2017-02-09,144.14,-0.6,75.51207954148614,-0.6000000000000227,0.0,0.0
2017-02-10,144.82,0.68,71.1101882689021,0.6800000000000068,0.0,0.0
2017-02-13,143.2,-1.62,73.13836125562749,-1.6200000000000045,0.0,0.0
2017-02-14,140.82,-2.38,61.401832576485496,-2.3799999999999955,0.0,0.0
2017-02-15,142.27,1.45,48.36955266093101,1.450000000000017,0.0,0.0
2017-02-16,142.01,-0.26,55.0172076237562,-0.2600000000000193,0.0,0.0
2017-02-17,142.22,0.21,53.602886424457196,0.21000000000000796,0.0,0.0
2017-02-21,142.6,0.38,54.6783437282192,0.37999999999999545,0.0,0.0
2017-02-22,143.86,1.26,56.75148846728939,1.2600000000000193,0.0,0.0
2017-02-23,142.78,-1.08,63.14073213618161,-1.0800000000000125,0.0,0.0
2017-02-24,143.25,0.47,55.15831475425431,0.46999999999999886,0.0,0.0
2017-02-27,143.41,0.16,57.81102515907871,0.1599999999999966,0.0,0.0
2017-02-28,142.13,-1.28,58.76018359025139,-1.2800000000000011,0.0,0.0
2017-03-01,142.65,0.52,48.735568470462326,0.5200000000000102,0.0,0.0
2017-03-02,139.53,-3.12,52.498105760374415,-3.1200000000000045,0.0,0.0
2017-03-03,139.14,-0.39,34.92242225143151,-0.3900000000000148,0.0,0.0
2017-03-06,141.94,2.8,33.32843280226804,2.8000000000000114,0.0,0.0
2017-03-07,141.43,-0.51,51.494394216931795,-0.5099999999999909,0.0,0.0
2017-03-08,140.32,-1.11,48.73049237814979,-1.1100000000000136,0.0,0.0
2017-03-09,140.53,0.21,42.990866212991946,0.21000000000000796,0.0,0.0
2017-03-10,140.89,0.36,44.40664040079719,0.3599999999999852,0.0,0.0
2017-03-13,143.52,2.63,46.98601915118437,2.630000000000024,0.0,0.0
2017-03-14,143.19,-0.33,61.788425583391906,-0.3300000000000125,0.0,0.0
2017-03-15,145.25,2.06,59.40967334206427,2.0600000000000023,0.0,0.0
2017-03-16,144.39,-0.86,68.15582984994306,-0.8600000000000136,0.0,0.0
2017-03-17,145.11,0.72,61.802201312497644,0.7200000000000273,0.0,0.0
2017-03-20,145.83,0.72,64.93027624155934,0.7199999999999989,0.0,0.0
2017-03-21,142.42,-3.41,67.93156969792379,-3.410000000000025,0.0,0.0
2017-03-22,142.65,0.23,46.425991162057464,0.2300000000000182,0.0,0.0
2017-03-23,141.84,-0.81,47.70221880754985,-0.8100000000000023,0.0,0.0
2017-03-24,142.02,0.18,43.5287310870997,0.18000000000000682,0.0,0.0
2017-03-27,144.06,2.04,44.75623604250917,2.039999999999992,0.0,0.0
2017-03-28,145.17,1.11,56.89278653329452,1.1099999999999852,0.0,0.0
2017-03-29,146.47,1.3,62.07402434535069,1.3000000000000114,0.0,0.0
2017-03-30,148.06,1.59,67.32991332824156,1.5900000000000034,0.0,0.0
2017-03-31,147.81,-0.25,72.63150276160553,-0.25,0.0,0.0
2017-04-03,146.92,-0.89,70.57356289723651,-0.8900000000000148,0.0,0.0
2017-04-04,145.5,-1.42,63.27885046440494,-1.4199999999999875,0.0,0.0
2017-04-05,143.62,-1.88,53.24368528762882,-1.8799999999999955,0.0,0.0
2017-04-06,143.74,0.12,42.940060254564415,0.12000000000000455,0.0,0.0
2017-04-07,143.11,-0.63,43.73435300501622,-0.6299999999999955,0.0,0.0
2017-04-10,143.85,0.74,40.36314507896307,0.7399999999999807,0.0,0.0
2017-04-11,144.35,0.5,45.955531828303265,0.5,0.0,0.0
2017-04-12,143.83,-0.52,49.60476937547978,-0.5199999999999818,0.0,0.0
2017-04-13,142.92,-0.91,45.91946790478644,-0.910000000000025,0.0,0.0
2017-04-17,147.25,4.33,39.97910891382399,4.3300000000000125,0.0,0.0
2017-04-18,143.36,-3.89,64.76580523522696,-3.8899999999999864,0.0,0.0
2017-04-19,139.76,-3.6,45.481479991678015,-3.6000000000000227,0.0,0.0
2017-04-20,141.18,1.42,34.58871846331796,1.420000000000016,0.0,0.0
2017-04-21,142.87,1.69,40.96265872734236,1.6899999999999977,0.0,0.0
2017-04-24,143.83,0.96,47.87171985196845,0.960000000000008,0.0,0.0
2017-04-25,152.16,8.33,51.55250167644679,8.329999999999984,0.0,0.0
2017-04-26,150.17,-1.99,71.5051019464326,-1.990000000000009,0.0,0.0
2017-04-27,153.08,2.91,64.27760593913814,2.910000000000025,0.0,0.0
2017-04-28,152.2,-0.88,69.43984631990811,-0.8800000000000239,0.0,0.0
2017-05-01,155.35,3.15,66.13674341986419,3.1500000000000057,0.0,0.0
2017-05-02,156.45,1.1,71.65295562062092,1.0999999999999943,0.0,0.0
2017-05-03,155.59,-0.86,73.38332987134417,-0.8599999999999852,0.0,0.0
2017-05-04,157.25,1.66,69.58787735353302,1.6599999999999966,0.0,0.0
2017-05-05,156.6,-0.65,72.70240453410221,-0.6500000000000057,0.0,0.0
2017-05-08,156.38,-0.22,69.51651579693007,-0.21999999999999886,0.0,0.0
2017-05-09,157.46,1.08,68.35781508476288,1.0800000000000125,0.0,0.0
2017-05-10,160.28,2.82,71.06375683778506,2.819999999999993,0.0,0.0
2017-05-11,158.54,-1.74,76.94678341127342,-1.740000000000009,0.0,0.0
2017-05-12,160.81,2.27,67.29838178315617,2.2700000000000102,0.0,0.0
2017-05-15,160.02,-0.79,72.44911457253696,-0.789999999999992,0.0,0.0
2017-05-16,159.41,-0.61,68.17803708649149,-0.6100000000000136,0.0,0.0
2017-05-17,153.2,-6.21,64.80657611734668,-6.210000000000008,0.0,0.0
2017-05-18,155.7,2.5,41.1380554534131,2.5,0.0,0.0
2017-05-19,157.02,1.32,49.60588680305422,1.3200000000000216,0.0,0.0
2017-05-22,157.16,0.14,53.63111167923381,0.13999999999998636,0.0,0.0
2017-05-23,157.95,0.79,54.07574145761381,0.789999999999992,0.0,0.0
2017-05-24,157.75,-0.2,56.75026436120694,-0.19999999999998863,0.0,0.0
2017-05-25,163.05,5.3,55.809869970113375,5.300000000000011,0.0,0.0
2017-05-26,162.43,-0.62,70.57633926032207,-0.6200000000000045,0.0,0.0
2017-05-30,163.22,0.79,67.55821364366457,0.789999999999992,0.0,0.0
2017-05-31,163.07,-0.15,69.46005292092629,-0.15000000000000568,0.0,0.0
2017-06-01,162.99,-0.08,68.58754292310951,-0.07999999999998408,0.0,0.0
2017-06-02,165.18,2.19,68.06639772054646,2.1899999999999977,0.0,0.0
2017-06-05,165.06,-0.12,74.19958544982995,-0.12000000000000455,0.0,0.0
2017-06-06,165.17,0.11,73.31777207081585,0.10999999999998522,0.0,0.0
2017-06-07,165.61,0.44,73.64588774882976,0.44000000000002615,0.0,0.0
2017-06-08,165.88,0.27,75.04854850280324,0.2699999999999818,0.0,0.0
2017-06-09,158.03,-7.85,75.94636584553642,-7.849999999999994,0.0,0.0
2017-06-12,151.44,-6.59,34.59007770231827,-6.590000000000003,0.0,0.0
2017-06-13,152.72,1.28,22.720053399646474,1.2800000000000011,0.0,0.0
2017-06-14,152.2,-0.52,28.19021549720759,-0.5200000000000102,0.0,0.0
2017-06-15,151.76,-0.44,27.29325356099295,-0.4399999999999977,0.0,0.0
2017-06-16,152.38,0.62,26.478529103508848,0.6200000000000045,0.0,0.0
2017-06-19,153.4,1.02,29.850701256448005,1.0200000000000102,0.0,0.0
2017-06-20,152.05,-1.35,35.4199233338347,-1.3499999999999943,0.0,0.0
2017-06-21,155.03,2.98,31.622469301130778,2.9799999999999898,0.0,0.0
2017-06-22,154.89,-0.14,46.179349129665326,-0.14000000000001478,0.0,0.0
2017-06-23,158.02,3.13,45.65746938792432,3.130000000000024,0.0,0.0
2017-06-26,157.5,-0.52,57.83334125924327,-0.5200000000000102,0.0,0.0
2017-06-27,151.03,-6.47,55.473427336036266,-6.469999999999999,0.0,0.0
2017-06-28,153.41,2.38,35.10433986378132,2.3799999999999955,0.0,0.0
2017-06-29,150.09,-3.32,43.78241459985486,-3.319999999999993,0.0,0.0
2017-06-30,149.41,-0.68,36.08875883177129,-0.6800000000000068,0.0,0.0
2017-07-03,146.17,-3.24,34.66294988010647,-3.240000000000009,0.0,0.0
2017-07-05,147.61,1.44,28.52593328516808,1.4400000000000261,0.0,0.0
2017-07-06,146.25,-1.36,34.42320819247681,-1.3600000000000136,0.0,0.0
2017-07-07,150.18,3.93,31.60825151223304,3.930000000000007,0.0,0.0
2017-07-10,152.67,2.49,46.15092382453838,2.4899999999999807,0.0,0.0
2017-07-11,154.33,1.66,53.33585436382687,1.660000000000025,0.0,0.0
2017-07-12,158.75,4.42,57.64192563145439,4.4199999999999875,0.0,0.0
2017-07-13,158.21,-0.54,66.92853965326321,-0.539999999999992,0.0,0.0
2017-07-14,161.12,2.91,64.94061010623035,2.9099999999999966,0.0,0.0
2017-07-17,161.7,0.58,70.36220122253367,0.5799999999999841,0.0,0.0
2017-07-18,183.6,21.9,71.37066570686545,21.900000000000006,0.0,0.0
2017-07-19,183.86,0.26,88.40131943777871,0.2600000000000193,0.0,0.0
2017-07-20,183.6,-0.26,88.49418583655944,-0.2600000000000193,0.0,0.0
2017-07-21,188.54,4.94,87.69176760420163,4.939999999999998,0.0,0.0
2017-07-24,187.91,-0.63,89.71651915944993,-0.6299999999999955,0.0,0.0
2017-07-25,186.97,-0.94,87.61581872810532,-0.9399999999999977,0.0,0.0
2017-07-26,189.08,2.11,84.2518614978264,2.1100000000000136,0.0,0.0
2017-07-27,182.68,-6.4,85.66389696164771,-6.400000000000006,0.0,0.0
2017-07-28,184.04,1.36,65.35149181741983,1.3599999999999852,0.0,0.0
2017-07-31,181.66,-2.38,67.23810727499446,-2.3799999999999955,0.0,0.0
2017-08-01,182.03,0.37,60.63494690266439,0.37000000000000455,0.0,0.0
2017-08-02,180.74,-1.29,61.31002119719412,-1.289999999999992,0.0,0.0
2017-08-03,179.23,-1.51,57.388576326031995,-1.5100000000000193,0.0,0.0
2017-08-04,180.27,1.04,52.86519049686781,1.0400000000000205,0.0,0.0
2017-08-07,181.33,1.06,55.61869976500238,1.0600000000000023,0.0,0.0
2017-08-08,178.36,-2.97,58.44630579311442,-2.969999999999999,0.0,0.0
2017-08-09,175.78,-2.58,48.54285167417565,-2.5800000000000125,0.0,0.0
2017-08-10,169.14,-6.64,41.55273470906856,-6.640000000000015,0.0,0.0
2017-08-11,171.4,2.26,29.18961959884662,2.2600000000000193,0.0,0.0
2017-08-14,171.0,-0.4,36.5347059362163,-0.4000000000000057,0.0,0.0
2017-08-15,168.5,-2.5,35.783894157283996,-2.5,0.0,0.0
2017-08-16,169.98,1.48,31.20351946260881,1.4799999999999898,0.0,0.0
2017-08-17,166.09,-3.89,36.68657758687279,-3.8899999999999864,0.0,0.0
2017-08-18,166.54,0.45,29.600110246665807,0.44999999999998863,0.0,0.0
2017-08-21,166.76,0.22,31.353174793223914,0.21999999999999886,0.0,0.0
2017-08-22,169.34,2.58,32.2951678624443,2.5800000000000125,0.0,0.0
2017-08-23,169.06,-0.28,42.81274025058312,-0.28000000000000114,0.0,0.0
2017-08-24,168.13,-0.93,42.00343762084452,-0.9300000000000068,0.0,0.0
2017-08-25,165.95,-2.18,39.19125233739327,-2.180000000000007,0.0,0.0
2017-08-28,167.12,1.17,33.23096099561954,1.170000000000016,0.0,0.0
2017-08-29,168.81,1.69,38.92791135823053,1.6899999999999977,0.0,0.0
2017-08-30,174.69,5.88,46.46795613469903,5.8799999999999955,0.0,0.0
2017-08-31,174.71,0.02,64.09470507297218,0.020000000000010232,0.0,0.0
2017-09-01,174.74,0.03,64.14060436385799,0.030000000000001137,0.0,0.0
2017-09-05,174.52,-0.22,64.21901644092574,-0.21999999999999886,0.0,0.0
2017-09-06,179.25,4.73,63.06330322263408,4.72999999999999,0.0,0.0
2017-09-07,179.0,-0.25,74.38861021979135,-0.25,0.0,0.0
2017-09-08,176.42,-2.58,73.03591725294778,-2.5800000000000125,0.0,0.0
2017-09-11,181.74,5.32,60.13815098697977,5.320000000000022,0.0,0.0
2017-09-12,185.15,3.41,71.85218681005414,3.4099999999999966,0.0,0.0
2017-09-13,183.64,-1.51,76.83822537335855,-1.5100000000000193,0.0,0.0
2017-09-14,182.63,-1.01,70.51675900172215,-1.009999999999991,0.0,0.0
2017-09-15,182.35,-0.28,66.34440469178944,-0.28000000000000114,0.0,0.0
2017-09-18,184.62,2.27,65.1235733663098,2.2700000000000102,0.0,0.0
2017-09-19,185.68,1.06,70.20368936435024,1.0600000000000023,0.0,0.0
2017-09-20,185.51,-0.17,72.35282747246329,-0.17000000000001592,0.0,0.0
2017-09-21,188.78,3.27,71.40879155416057,3.2700000000000102,0.0,0.0
2017-09-22,187.35,-1.43,77.7816650634052,-1.4300000000000068,0.0,0.0
2017-09-25,178.55,-8.8,69.98533746603226,-8.799999999999983,0.0,0.0
2017-09-26,179.38,0.83,41.048591749760156,0.8299999999999841,0.0,0.0
2017-09-27,181.97,2.59,43.56387656335755,2.5900000000000034,0.0,0.0
2017-09-28,180.7,-1.27,51.0172036117844,-1.2700000000000102,0.0,0.0
2017-09-29,181.35,0.65,47.50162077441303,0.6500000000000057,0.0,0.0
2017-10-02,177.01,-4.34,49.53569395517978,-4.340000000000003,0.0,0.0
2017-10-03,179.19,2.18,38.23208789143019,2.180000000000007,0.0,0.0
2017-10-04,184.45,5.26,45.386260115874336,5.259999999999991,0.0,0.0
2017-10-05,194.39,9.94,58.606741812970384,9.939999999999998,0.0,0.0
2017-10-06,198.02,3.63,72.81771694577287,3.630000000000024,0.0,0.0
2017-10-09,196.87,-1.15,76.22444260834949,-1.1500000000000057,0.0,0.0
2017-10-10,195.08,-1.79,72.91575495726549,-1.789999999999992,0.0,0.0
2017-10-11,194.95,-0.13,67.68906022781894,-0.13000000000002387,0.0,0.0
2017-10-12,195.86,0.91,67.28871902682741,0.910000000000025,0.0,0.0
2017-10-13,199.49,3.63,68.76654020088583,3.6299999999999955,0.0,0.0
2017-10-16,202.68,3.19,74.10073582271724,3.1899999999999977,0.0,0.0
2017-10-17,199.48,-3.2,77.89267263121573,-3.200000000000017,0.0,0.0
2017-10-18,195.54,-3.94,66.69741901656818,-3.9399999999999977,0.0,0.0
2017-10-19,195.13,-0.41,55.477442382767414,-0.4099999999999966,0.0,0.0
2017-10-20,194.16,-0.97,54.38932395177926,-0.9699999999999989,0.0,0.0
2017-10-23,192.47,-1.69,51.6502007062388,-1.6899999999999977,0.0,0.0
2017-10-24,196.02,3.55,46.94287238199138,3.5500000000000114,0.0,0.0
2017-10-25,193.77,-2.25,56.46753015419614,-2.25,0.0,0.0
2017-10-26,195.21,1.44,49.96983048817483,1.4399999999999977,0.0,0.0
2017-10-27,199.54,4.33,53.85374138424904,4.329999999999984,0.0,0.0
2017-10-30,198.37,-1.17,63.57202668409659,-1.1699999999999875,0.0,0.0
2017-10-31,196.43,-1.94,59.690116459100715,-1.9399999999999977,0.0,0.0
2017-11-01,198.0,1.57,53.49946076797915,1.5699999999999932,0.0,0.0
2017-11-02,199.32,1.32,57.569531191476905,1.3199999999999932,0.0,0.0
2017-11-03,200.01,0.69,60.86121072680834,0.6899999999999977,0.0,0.0
2017-11-06,200.13,0.12,62.59477174615533,0.12000000000000455,0.0,0.0
2017-11-07,195.89,-4.24,62.921195363298295,-4.240000000000009,0.0,0.0
2017-11-08,196.44,0.55,46.525862058455346,0.5500000000000114,0.0,0.0
2017-11-09,193.9,-2.54,48.514681994682526,-2.539999999999992,0.0,0.0
2017-11-10,192.02,-1.88,40.55402960047273,-1.8799999999999955,0.0,0.0
2017-11-13,195.08,3.06,35.611174805659985,3.0600000000000023,0.0,0.0
2017-11-14,195.71,0.63,47.511604881295156,0.6299999999999955,0.0,0.0
2017-11-15,192.12,-3.59,49.699060846984914,-3.5900000000000034,0.0,0.0
2017-11-16,195.51,3.39,39.08979630437668,3.3899999999999864,0.0,0.0
2017-11-17,193.2,-2.31,50.49457978308946,-2.3100000000000023,0.0,0.0
2017-11-20,194.1,0.9,44.068714666533204,0.9000000000000057,0.0,0.0
2017-11-21,196.23,2.13,47.06806430843199,2.1299999999999955,0.0,0.0
2017-11-22,196.32,0.09,53.77303276137904,0.09000000000000341,0.0,0.0
2017-11-24,195.75,-0.57,54.054080929496315,-0.5699999999999932,0.0,0.0
2017-11-27,195.05,-0.7,51.775653305020384,-0.6999999999999886,0.0,0.0
2017-11-28,199.18,4.13,48.88373347728444,4.1299999999999955,0.0,0.0
2017-11-29,188.15,-11.03,62.86831038137418,-11.030000000000001,0.0,0.0
2017-11-30,187.58,-0.57,34.259900812016795,-0.5699999999999932,0.0,0.0
2017-12-01,186.82,-0.76,33.363253578958165,-0.7600000000000193,0.0,0.0
2017-12-04,184.04,-2.78,32.08372219616268,-2.780000000000001,0.0,0.0
2017-12-05,184.21,0.17,27.650595129871917,0.17000000000001592,0.0,0.0
2017-12-06,185.3,1.09,28.342558022496192,1.0900000000000034,0.0,0.0
2017-12-07,185.2,-0.1,33.03566977097573,-0.10000000000002274,0.0,0.0
2017-12-08,188.54,3.34,32.81036205422771,3.3400000000000034,0.0,0.0
2017-12-11,186.22,-2.32,46.68903414690914,-2.319999999999993,0.0,0.0
2017-12-12,185.73,-0.49,40.111696853729015,-0.4900000000000091,0.0,0.0
2017-12-13,187.86,2.13,38.79257805793903,2.130000000000024,0.0,0.0
2017-12-14,189.56,1.7,47.38810131304463,1.6999999999999886,0.0,0.0
2017-12-15,190.12,0.56,53.36214098604254,0.5600000000000023,0.0,0.0
2017-12-18,190.42,0.3,55.2740818037893,0.29999999999998295,0.0,0.0
2017-12-19,187.02,-3.4,56.36918326187357,-3.3999999999999773,0.0,0.0
2017-12-20,188.82,1.8,42.796802760734074,1.799999999999983,0.0,0.0
2017-12-21,188.62,-0.2,50.07052655158534,-0.19999999999998863,0.0,0.0
2017-12-22,189.94,1.32,49.274895631297774,1.3199999999999932,0.0,0.0
2017-12-26,187.76,-2.18,54.70396693533335,-2.180000000000007,0.0,0.0
2017-12-27,186.24,-1.52,45.51033455709058,-1.5199999999999818,0.0,0.0
2017-12-28,192.71,6.47,40.13538069236867,6.469999999999999,0.0,0.0
2017-12-29,191.96,-0.75,61.97952033182721,-0.75,0.0,0.0
2018-01-02,201.07,9.11,59.12153905164911,9.109999999999985,0.0,0.0
2018-01-03,205.05,3.98,75.07590675028355,3.980000000000018,0.0,0.0
2018-01-04,205.63,0.58,79.140723280745,0.5799999999999841,0.0,0.0
2018-01-05,209.99,4.36,79.692316396814,4.360000000000014,0.0,0.0
2018-01-08,212.05,2.06,83.4517478063166,2.0600000000000023,0.0,0.0
2018-01-09,209.31,-2.74,84.95561313845437,-2.740000000000009,0.0,0.0
2018-01-10,212.52,3.21,74.64399166722139,3.210000000000008,0.0,0.0
2018-01-11,217.24,4.72,78.18857604766615,4.719999999999999,0.0,0.0
2018-01-12,221.23,3.99,82.33773245106897,3.9899999999999807,0.0,0.0
2018-01-16,221.53,0.3,85.07977400573884,0.30000000000001137,0.0,0.0
2018-01-17,217.5,-4.03,85.2761950137976,-4.030000000000001,0.0,0.0
2018-01-18,220.33,2.83,70.93874893346023,2.8300000000000125,0.0,0.0
2018-01-19,220.46,0.13,74.39385595510866,0.12999999999999545,0.0,0.0
2018-01-22,227.58,7.12,74.55268794502936,7.1200000000000045,0.0,0.0
2018-01-23,250.29,22.71,81.66963215399781,22.70999999999998,0.0,0.0
2018-01-24,261.3,11.01,90.92324522192835,11.01000000000002,0.0,0.0
2018-01-25,269.7,8.4,92.90715799390915,8.399999999999977,0.0,0.0
2018-01-26,274.6,4.9,94.04252904911014,4.900000000000034,0.0,0.0
2018-01-29,284.59,9.99,94.61697918003416,9.989999999999952,0.0,0.0
2018-01-30,278.8,-5.79,95.60452558256694,-5.789999999999964,0.0,0.0
2018-01-31,270.3,-8.5,85.24573328616297,-8.5,0.0,0.0
2018-02-01,265.07,-5.23,72.13290418028905,-5.230000000000018,0.0,0.0
2018-02-02,267.43,2.36,65.09203449420308,2.3600000000000136,0.0,0.0
2018-02-05,254.26,-13.17,66.76501410596711,-13.170000000000016,0.0,0.0
2018-02-06,265.72,11.46,51.13525580800023,11.460000000000036,0.0,0.0
2018-02-07,264.56,-1.16,60.36298856616678,-1.160000000000025,0.0,0.0
2018-02-08,250.1,-14.46,59.07251195880069,-14.460000000000008,0.0,0.0
2018-02-09,249.47,-0.63,45.281346076665415,-0.6299999999999955,0.0,0.0
2018-02-12,257.95,8.48,44.761015108905994,8.47999999999999,0.0,0.0
2018-02-13,258.27,0.32,53.05879367759382,0.3199999999999932,0.0,0.0
2018-02-14,266.0,7.73,53.36093633737844,7.730000000000018,0.0,0.0
2018-02-15,280.27,14.27,60.39806747067643,14.269999999999982,0.0,0.0
2018-02-16,278.52,-1.75,69.96060961509929,-1.75,0.0,0.0
2018-02-20,278.55,0.03,67.67046878198813,0.03000000000002956,0.0,0.0
2018-02-21,281.04,2.49,67.69118949650831,2.490000000000009,0.0,0.0
2018-02-22,278.14,-2.9,69.54286309658639,-2.900000000000034,0.0,0.0
2018-02-23,285.93,7.79,64.61385305343634,7.7900000000000205,0.0,0.0
2018-02-26,294.16,8.23,70.93754661900299,8.230000000000018,0.0,0.0
2018-02-27,290.61,-3.55,76.09544252231049,-3.5500000000000114,0.0,0.0
2018-02-28,291.38,0.77,69.9734337131496,0.7699999999999818,0.0,0.0
2018-03-01,290.39,-0.99,70.56054361975588,-0.9900000000000091,0.0,0.0
2018-03-02,301.05,10.66,68.58989015453001,10.660000000000025,0.0,0.0
2018-03-05,315.0,13.95,76.62392749575196,13.949999999999989,0.0,0.0
2018-03-06,325.22,10.22,83.09189982068304,10.220000000000027,0.0,0.0
2018-03-07,321.16,-4.06,86.27218853788817,-4.060000000000002,0.0,0.0
2018-03-08,317.0,-4.16,79.4845091924999,-4.160000000000025,0.0,0.0
2018-03-09,331.44,14.44,72.77922523052092,14.439999999999998,0.0,0.0
2018-03-12,321.3,-10.14,79.60467314573467,-10.139999999999986,0.0,0.0
2018-03-13,315.88,-5.42,66.26928480987752,-5.420000000000016,0.0,0.0
2018-03-14,321.55,5.67,60.11724095230522,5.670000000000016,0.0,0.0
2018-03-15,321.09,-0.46,64.1015957333224,-0.4600000000000364,0.0,0.0
2018-03-16,318.45,-2.64,63.51328858173952,-2.6399999999999864,0.0,0.0
2018-03-19,313.48,-4.97,59.907075001719996,-4.96999999999997,0.0,0.0
2018-03-20,317.5,4.02,53.38547223939492,4.019999999999982,0.0,0.0
2018-03-21,316.48,-1.02,57.64750548201439,-1.0199999999999818,0.0,0.0
2018-03-22,306.7,-9.78,56.15856408631496,-9.78000000000003,0.0,0.0
2018-03-23,300.94,-5.76,43.770371510307506,-5.759999999999991,0.0,0.0
2018-03-26,320.35,19.41,38.11157104658201,19.410000000000025,0.0,0.0
2018-03-27,300.69,-19.66,58.68310962374794,-19.660000000000025,0.0,0.0
2018-03-28,285.77,-14.92,42.37734997550741,-14.920000000000016,0.0,0.0
2018-03-29,295.35,9.58,34.14792496120957,9.580000000000041,0.0,0.0
2018-04-02,280.29,-15.06,42.36157897902471,-15.060000000000002,0.0,0.0
2018-04-03,283.67,3.38,34.60664873951225,3.3799999999999955,0.0,0.0
2018-04-04,288.94,5.27,37.53953128009382,5.269999999999982,0.0,0.0
2018-04-05,293.97,5.03,42.16186422186623,5.03000000000003,0.0,0.0
2018-04-06,288.85,-5.12,46.48207161667662,-5.1200000000000045,0.0,0.0
2018-04-09,289.93,1.08,42.7660095350363,1.079999999999984,0.0,0.0
2018-04-10,298.07,8.14,43.84820783849573,8.139999999999986,0.0,0.0
2018-04-11,303.67,5.6,51.712819235163536,5.600000000000023,0.0,0.0
2018-04-12,309.25,5.58,56.5027676857736,5.579999999999984,0.0,0.0
2018-04-13,311.65,2.4,60.91763764170719,2.3999999999999773,0.0,0.0
2018-04-16,307.78,-3.87,62.77485070360682,-3.8700000000000045,0.0,0.0
2018-04-17,336.06,28.28,57.7201007907175,28.28000000000003,0.0,0.0
2018-04-18,334.52,-1.54,74.72011925085516,-1.5400000000000205,0.0,0.0
2018-04-19,332.7,-1.82,72.89600334489856,-1.8199999999999932,0.0,0.0
2018-04-20,327.77,-4.93,70.56913255811793,-4.930000000000007,0.0,0.0
2018-04-23,318.69,-9.08,64.2227675842093,-9.079999999999984,0.0,0.0
2018-04-24,307.02,-11.67,54.00066471205984,-11.670000000000016,0.0,0.0
2018-04-25,305.76,-1.26,43.76807366524109,-1.259999999999991,0.0,0.0
2018-04-26,313.98,8.22,42.768078531150515,8.220000000000027,0.0,0.0
2018-04-27,311.76,-2.22,51.09831774414582,-2.2200000000000273,0.0,0.0
2018-04-30,312.46,0.7,48.9014012295252,0.6999999999999886,0.0,0.0
2018-05-01,313.3,0.84,49.681008519885,0.8400000000000318,0.0,0.0
2018-05-02,313.36,0.06,50.71229352486959,0.060000000000002274,0.0,0.0
2018-05-03,311.69,-1.67,50.794616925769326,-1.670000000000016,0.0,0.0
2018-05-04,320.09,8.4,48.23203674191245,8.399999999999977,0.0,0.0
2018-05-07,326.26,6.17,59.87013947007748,6.170000000000016,0.0,0.0
2018-05-08,326.89,0.63,66.24112844970547,0.6299999999999955,0.0,0.0
2018-05-09,330.3,3.41,66.85517634707193,3.410000000000025,0.0,0.0
2018-05-10,329.6,-0.7,70.20736894249023,-0.6999999999999886,0.0,0.0
2018-05-11,326.46,-3.14,68.58014525233742,-3.140000000000043,0.0,0.0
2018-05-14,328.53,2.07,61.29687463322943,2.069999999999993,0.0,0.0
2018-05-15,326.13,-2.4,64.16420500070794,-2.3999999999999773,0.0,0.0
2018-05-16,328.19,2.06,58.42847027911166,2.0600000000000023,0.0,0.0
2018-05-17,325.22,-2.97,61.77994162695488,-2.9699999999999704,0.0,0.0
2018-05-18,324.18,-1.04,54.535572696225735,-1.0400000000000205,0.0,0.0
2018-05-21,331.82,7.64,52.09109870757189,7.639999999999986,0.0,0.0
2018-05-22,331.62,-0.2,65.19058430657215,-0.19999999999998863,0.0,0.0
2018-05-23,344.72,13.1,64.66163591295805,13.100000000000023,0.0,0.0
2018-05-24,349.29,4.57,78.01495132421194,4.569999999999993,0.0,0.0
2018-05-25,351.29,2.0,80.89342557110038,2.0,0.0,0.0
2018-05-29,349.73,-1.56,82.06771789440845,-1.5600000000000023,0.0,0.0
2018-05-30,353.54,3.81,77.80499203487376,3.8100000000000023,0.0,0.0
2018-05-31,351.6,-1.94,80.61537087724687,-1.9399999999999977,0.0,0.0
2018-06-01,359.93,8.33,75.08289803955245,8.329999999999984,0.0,0.0
2018-06-04,361.81,1.88,81.36025277062751,1.8799999999999955,0.0,0.0
2018-06-05,365.8,3.99,82.49757164182867,3.990000000000009,0.0,0.0
2018-06-06,367.45,1.65,84.7539257161028,1.6499999999999773,0.0,0.0
2018-06-07,361.4,-6.05,85.62948255500748,-6.050000000000011,0.0,0.0
2018-06-08,360.57,-0.83,69.01973665750563,-0.8299999999999841,0.0,0.0
2018-06-11,361.45,0.88,66.98261743110739,0.8799999999999955,0.0,0.0
2018-06-12,363.83,2.38,68.1226617310604,2.3799999999999955,0.0,0.0
2018-06-13,379.93,16.1,71.19668909910959,16.100000000000023,0.0,0.0
2018-06-14,392.87,12.94,83.49883951526304,12.939999999999998,0.0,0.0
2018-06-15,391.98,-0.89,88.14843115327908,-0.8899999999999864,0.0,0.0
2018-06-18,390.4,-1.58,86.2383645440552,-1.580000000000041,0.0,0.0
2018-06-19,404.98,14.58,82.60667997682582,14.580000000000041,0.0,0.0
2018-06-20,416.76,11.78,87.95576254634139,11.779999999999973,0.0,0.0
2018-06-21,415.44,-1.32,90.61955301610095,-1.3199999999999932,0.0,0.0
2018-06-22,411.09,-4.35,88.12361584965622,-4.350000000000023,0.0,0.0
2018-06-25,384.48,-26.61,79.84138956570307,-26.609999999999957,0.0,0.0
2018-06-26,399.39,14.91,48.18267596491917,14.909999999999968,0.0,0.0
2018-06-27,390.39,-9.0,58.67559847780834,-9.0,0.0,0.0
2018-06-28,395.42,5.03,51.48363461068545,5.03000000000003,0.0,0.0
2018-06-29,391.43,-3.99,55.006207531673475,-3.990000000000009,0.0,0.0
2018-07-02,398.18,6.75,51.609205805252955,6.75,0.0,0.0
2018-07-03,390.52,-7.66,56.770802441643205,-7.660000000000025,0.0,0.0
2018-07-05,398.39,7.87,49.87170229624963,7.8700000000000045,0.0,0.0
2018-07-06,408.25,9.86,56.13147240364478,9.860000000000014,0.0,0.0
2018-07-09,418.97,10.72,62.785462922535075,10.720000000000027,0.0,0.0
2018-07-10,415.63,-3.34,68.68698256477055,-3.340000000000032,0.0,0.0
2018-07-11,418.65,3.02,65.01573764477412,3.019999999999982,0.0,0.0
2018-07-12,413.5,-5.15,66.84685459159161,-5.149999999999977,0.0,0.0
2018-07-13,395.8,-17.7,60.65911971502678,-17.69999999999999,0.0,0.0
2018-07-16,400.48,4.68,44.484955030799334,4.680000000000007,0.0,0.0
2018-07-17,379.48,-21.0,48.624444848824496,-21.0,0.0,0.0
2018-07-18,375.13,-4.35,35.17429970184709,-4.350000000000023,0.0,0.0
2018-07-19,364.23,-10.9,33.01251314696738,-10.899999999999977,0.0,0.0
2018-07-20,361.05,-3.18,28.071827464924283,-3.180000000000007,0.0,0.0
2018-07-23,362.66,1.61,26.737618279266655,1.6100000000000136,0.0,0.0
2018-07-24,357.32,-5.34,28.698461382460394,-5.340000000000032,0.0,0.0
2018-07-25,362.87,5.55,26.055070474300507,5.550000000000011,0.0,0.0
2018-07-26,363.09,0.22,33.34735855051686,0.21999999999997044,0.0,0.0
2018-07-27,355.21,-7.88,33.643813347548615,-7.8799999999999955,0.0,0.0
2018-07-30,334.96,-20.25,28.46179559993884,-20.25,0.0,0.0
2018-07-31,337.45,2.49,19.596925448198036,2.490000000000009,0.0,0.0
2018-08-01,338.38,0.93,22.968588788627713,0.9300000000000068,0.0,0.0
2018-08-02,344.5,6.12,24.32318526139005,6.1200000000000045,0.0,0.0
2018-08-03,343.09,-1.41,33.16257380850979,-1.410000000000025,0.0,0.0
2018-08-06,350.92,7.83,32.17308314893289,7.830000000000041,0.0,0.0
2018-08-07,351.83,0.91,42.972125638069315,0.9099999999999682,0.0,0.0
2018-08-08,347.61,-4.22,44.153135557699954,-4.21999999999997,0.0,0.0
2018-08-09,349.36,1.75,39.786335499867214,1.75,0.0,0.0
2018-08-10,345.87,-3.49,42.48233939464627,-3.490000000000009,0.0,0.0
2018-08-13,341.31,-4.56,38.54853583276075,-4.560000000000002,0.0,0.0
2018-08-14,337.49,-3.82,33.86582568655078,-3.819999999999993,0.0,0.0
2018-08-15,326.4,-11.09,30.337565650261382,-11.090000000000032,0.0,0.0
2018-08-16,322.44,-3.96,22.544615743285163,-3.9599999999999795,0.0,0.0
2018-08-17,316.78,-5.66,20.405545922762926,-5.660000000000025,0.0,0.0
2018-08-20,327.73,10.95,17.66733794406126,10.950000000000045,0.0,0.0
2018-08-21,338.02,10.29,36.50568155380254,10.289999999999964,0.0,0.0
2018-08-22,344.44,6.42,49.03056234600057,6.420000000000016,0.0,0.0
2018-08-23,339.17,-5.27,55.315579477999755,-5.269999999999982,0.0,0.0
2018-08-24,358.82,19.65,49.58007838376674,19.649999999999977,0.0,0.0
2018-08-27,364.58,5.76,65.03091637340975,5.759999999999991,0.0,0.0
2018-08-28,368.49,3.91,68.28661603227481,3.910000000000025,0.0,0.0
2018-08-29,368.04,-0.45,70.42291335808501,-0.44999999999998863,0.0,0.0
2018-08-30,370.98,2.94,69.80442748553642,2.9399999999999977,0.0,0.0
2018-08-31,367.68,-3.3,71.66266636856726,-3.3000000000000114,0.0,0.0
2018-09-04,363.6,-4.08,66.41928968864663,-4.079999999999984,0.0,0.0
2018-09-05,341.18,-22.42,60.19594959193032,-22.420000000000016,0.0,0.0
2018-09-06,346.46,5.28,37.896446383245554,5.279999999999973,0.0,0.0
2018-09-07,348.68,2.22,43.52709361042018,2.2200000000000273,0.0,0.0
2018-09-10,348.41,-0.27,45.88470851304247,-0.2699999999999818,0.0,0.0
2018-09-11,355.93,7.52,45.61998615995894,7.519999999999982,0.0,0.0
2018-09-12,369.95,14.02,54.05698768660397,14.019999999999982,0.0,0.0
2018-09-13,368.15,-1.8,65.47132785359457,-1.8000000000000114,0.0,0.0
2018-09-14,364.56,-3.59,63.16856715523619,-3.589999999999975,0.0,0.0
2018-09-17,350.35,-14.21,58.48021214877173,-14.20999999999998,0.0,0.0
2018-09-18,367.65,17.3,43.78093262729138,17.299999999999955,0.0,0.0
2018-09-19,366.96,-0.69,58.347871077852204,-0.6899999999999977,0.0,0.0
2018-09-20,365.36,-1.6,57.66677985456707,-1.599999999999966,0.0,0.0
2018-09-21,361.19,-4.17,55.93641480193843,-4.170000000000016,0.0,0.0
2018-09-24,369.61,8.42,51.347215187983544,8.420000000000016,0.0,0.0
2018-09-25,369.43,-0.18,59.092137896443674,-0.18000000000000682,0.0,0.0
2018-09-26,377.88,8.45,58.86320634059676,8.449999999999989,0.0,0.0
2018-09-27,380.71,2.83,65.94216188326975,2.829999999999984,0.0,0.0
2018-09-28,374.13,-6.58,68.04678793459279,-6.579999999999984,0.0,0.0
2018-10-01,381.43,7.3,58.44909101318295,7.300000000000011,0.0,0.0
2018-10-02,377.14,-4.29,64.75251413452555,-4.2900000000000205,0.0,0.0
2018-10-03,377.05,-0.09,58.765068824861444,-0.08999999999997499,0.0,0.0
2018-10-04,363.65,-13.4,58.635075940468624,-13.400000000000034,0.0,0.0
2018-10-05,351.35,-12.3,42.600183879211365,-12.299999999999955,0.0,0.0
2018-10-08,349.1,-2.25,33.10345342471234,-2.25,0.0,0.0
2018-10-09,355.71,6.61,31.62936847448138,6.609999999999957,0.0,0.0
2018-10-10,325.89,-29.82,40.521753423368075,-29.819999999999993,0.0,0.0
2018-10-11,321.1,-4.79,24.256184069661643,-4.789999999999964,0.0,0.0
2018-10-12,339.56,18.46,22.59144964223904,18.45999999999998,0.0,0.0
2018-10-15,333.13,-6.43,40.55924932437986,-6.430000000000007,0.0,0.0
2018-10-16,346.4,13.27,37.12853179344598,13.269999999999982,0.0,0.0
2018-10-17,364.7,18.3,47.58535165789325,18.30000000000001,0.0,0.0
2018-10-18,346.71,-17.99,58.47130407910375,-17.99000000000001,0.0,0.0
2018-10-19,332.67,-14.04,47.40897978645436,-14.039999999999964,0.0,0.0
2018-10-22,329.54,-3.13,40.56399863514421,-3.1299999999999955,0.0,0.0
2018-10-23,333.16,3.62,39.124760954466886,3.6200000000000045,0.0,0.0
2018-10-24,301.83,-31.33,41.85175717869676,-31.33000000000004,0.0,0.0
2018-10-25,312.87,11.04,29.00157648627429,11.04000000000002,0.0,0.0
2018-10-26,299.83,-13.04,36.81450027062445,-13.04000000000002,0.0,0.0
2018-10-29,284.84,-14.99,32.05309338126196,-14.990000000000009,0.0,0.0
2018-10-30,285.81,0.97,27.397790745919593,0.9700000000000273,0.0,0.0
2018-10-31,301.78,15.97,28.169315779428032,15.96999999999997,0.0,0.0
2018-11-01,317.38,15.6,40.13869197470478,15.600000000000023,0.0,0.0
2018-11-02,309.1,-8.28,49.52781900094978,-8.279999999999973,0.0,0.0
2018-11-05,315.44,6.34,45.22498013733212,6.339999999999975,0.0,0.0
2018-11-06,310.84,-4.6,49.095033080527315,-4.600000000000023,0.0,0.0
2018-11-07,327.5,16.66,46.377929236066144,16.660000000000025,0.0,0.0
2018-11-08,317.92,-9.58,56.372012668268006,-9.579999999999984,0.0,0.0
2018-11-09,303.47,-14.45,50.22074028428238,-14.449999999999989,0.0,0.0
2018-11-12,294.07,-9.4,42.269685912097835,-9.400000000000034,0.0,0.0
2018-11-13,294.4,0.33,37.81829704471557,0.3299999999999841,0.0,0.0
2018-11-14,286.73,-7.67,38.07992012564098,-7.669999999999959,0.0,0.0
2018-11-15,290.06,3.33,34.25192164437672,3.329999999999984,0.0,0.0
2018-11-16,286.21,-3.85,37.37555762255489,-3.8500000000000227,0.0,0.0
2018-11-19,270.6,-15.61,35.167897560614094,-15.609999999999957,0.0,0.0
2018-11-20,266.98,-3.62,27.610764452450525,-3.6200000000000045,0.0,0.0
2018-11-21,262.13,-4.85,26.123009226945527,-4.850000000000023,0.0,0.0
2018-11-23,258.82,-3.31,24.132007570886756,-3.3100000000000023,0.0,0.0
2018-11-26,261.43,2.61,22.777937860199998,2.6100000000000136,0.0,0.0
2018-11-27,266.63,5.2,26.4947482007572,5.199999999999989,0.0,0.0
2018-11-28,282.65,16.02,33.75477718152288,16.019999999999982,0.0,0.0
2018-11-29,288.75,6.1,50.84765949302183,6.100000000000023,0.0,0.0
2018-11-30,286.13,-2.62,55.80956289109073,-2.6200000000000045,0.0,0.0
2018-12-03,290.3,4.17,53.17461599037343,4.170000000000016,0.0,0.0
2018-12-04,275.33,-14.97,56.87792229997525,-14.970000000000027,0.0,0.0
2018-12-06,282.88,7.55,42.943634466995185,7.550000000000011,0.0,0.0
2018-12-07,265.14,-17.74,50.0035188784901,-17.74000000000001,0.0,0.0
2018-12-10,269.7,4.56,37.53255056034974,4.560000000000002,0.0,0.0
2018-12-11,265.32,-4.38,41.79686444168281,-4.3799999999999955,0.0,0.0
2018-12-12,274.88,9.56,38.88308097490495,9.560000000000002,0.0,0.0
2018-12-13,276.02,1.14,47.93667828911789,1.1399999999999864,0.0,0.0
2018-12-14,266.84,-9.18,48.96694622571066,-9.180000000000007,0.0,0.0
2018-12-17,262.8,-4.04,41.42313147623193,-4.039999999999964,0.0,0.0
2018-12-18,270.94,8.14,38.44427040667785,8.139999999999986,0.0,0.0
2018-12-19,266.77,-4.17,47.18935094161707,-4.170000000000016,0.0,0.0
2018-12-20,260.58,-6.19,43.56572104960652,-6.189999999999998,0.0,0.0
2018-12-21,246.39,-14.19,38.54450566448541,-14.189999999999998,0.0,0.0
2018-12-24,233.88,-12.51,29.605012657482447,-12.509999999999991,0.0,0.0
2018-12-26,253.67,19.79,23.99736385729595,19.789999999999992,0.0,0.0
2018-12-27,255.565,1.895,43.38508772542292,1.8950000000000102,0.0,0.0
2018-12-28,256.08,0.515,44.92262884712738,0.5149999999999864,0.0,0.0
2018-12-31,267.66,11.58,45.38332135460352,11.580000000000041,0.0,0.0
2019-01-02,267.66,0.0,55.04603714216601,0.0,0.0,0.0
2019-01-03,271.2,3.54,55.04603714216601,3.5399999999999636,0.0,0.0
2019-01-04,297.57,26.37,58.012076523599205,26.370000000000005,3.8906553019156185,2.8159746535435817
